Original,Furigana,English,JLPT Level,Korean
〜 (まる) ごと,〜 (まる) ごと,"whole ~, all of ~",N2,"~ 전체, ~ 전체"
(かさを～) さす,(かさを～) さす,to open; hold (an umbrella),N2,열다; (우산을) 쥐다
〜(日本) 式,～(にほん) しき,"custom,",N2,"관습,"
～位,～い,~th place,N2,~번째 장소
～いち (にほんいち),～いち (にほんいち),No. 1 ~ (in),N2,1호 ~ (인)
～園,～えん,~ garden (especially man made),N2,~ 정원 (특히 사람이 만든)
～おしまい (おわり),～おしまい (おわり),end up ~,N2,결국 ~
～日,～か,counter for days,N2,며칠 동안 카운터
～下,～か,under ~,N2,~ 아래
～化,～か,action of making something,N2,무언가를 만드는 행위
～科,～か,"family, group, course",N2,"가족, 그룹, 코스"
～歌,～か,song of ~,N2,~의 노래
～画,～が,"picture, painting",N2,"그림, 그림"
～外,～がい,out of ~,N2,~에서
～難い,～がたい,hard (difficult) to do ~,N2,~하기 어렵다(어렵다)
～がち,～がち,tend to do ~,N2,~하는 경향이 있다
～刊,～かん,"~ issued (magazine, newspaper)",N2,"~ 발행 (잡지, 신문)"
～間,～かん,"between, during",N2,"사이, 동안"
～巻,～かん,volume,N2,용량
～館,～かん,"~ hall, ~ building",N2,"~ 홀, ~ 건물"
～感,～かん,"feeling, sense, impression",N2,"느낌, 감각, 인상"
～期,～き,"~age, ~period",N2,"~나이, ~기간"
～器,～き,"device, equipment",N2,"장치, 장비"
～機,～き,machine,N2,기계
～気味,～ぎみ,slightly ~,N2,약간 ~
～教,～きょう,religion,N2,종교
～行,～ぎょう,"line, row",N2,"선, 행"
～業,～ぎょう,type of business,N2,사업 유형
～きる,～きる,"nevertheless, to carry through",N2,그럼에도 불구하고 이겨내기 위해
～切れ,～きれ,out of ~,N2,~에서
～口,～くち,"~ opening; ~ entrance, ~ exit",N2,"~ 오프닝; ~ 입구, ~ 출구"
～家,～け,"~'s family, the house of ~",N2,"~의 가족, ~의 집"
～形,～けい,shape of ~,N2,~의 모양
～系,～けい,"~ system, ~ lineage, ~ group",N2,"~ 시스템, ~ 계보, ~ 그룹"
～圏,～けん,"bloc, sphere, area",N2,"블록, 구, 지역"
～校,～こう,counter for school,N2,학교 카운터
～港,～こう,~ port,N2,~ 항구
～号,～ごう,counter for magazine; the name of ship,N2,잡지 카운터; 배의 이름
～国,～こく,nation of ~,N2,~의 나라
～毎,～ごと,"every ~, each ~",N2,"~마다, 각각 ~마다"
～山,～さん,the name of mountain,N2,산의 이름
～産,～さん,made in ~,N2,~에서 만든
～史,～し,history of ~,N2,~의 역사
～紙,～し,"newspaper, type of paper",N2,"신문, 종이의 종류"
～寺,～じ,the name of temple,N2,사원의 이름
～時間目,～じかんめ,"~th hour, ~th period",N2,"~번째 시간, ~번째 교시"
～室,～しつ,counter for room,N2,방 카운터
～日,～じつ,day,N2,낮
～車,～しゃ,~ car,N2,~ 자동차
～者,～しゃ,person,N2,사람
～社,～しゃ,counter for company,N2,회사 카운터
～手,～しゅ,"~ player, person who does ~",N2,"~선수, ~하는 사람"
～酒,～しゅ,kind of alcohol,N2,알코올의 종류
～集,～しゅう,collection of ~,N2,~의 수집
～所,～しょ,place,N2,장소
～所,～じょ,place,N2,장소
～女,～じょ,count for sisters,N2,자매로 계산
～省,～しょう,kind of ministry,N2,일종의 사역
～商,～しょう,"merchant, business",N2,"상인, 사업"
～勝,～しょう,count for victory,N2,승리를 계산하다
～条,～じょう,counter for article,N2,기사 카운터
～場,～じょう,"kind of field, ground",N2,"들판, 땅의 종류"
～畳,～じょう,"count for tatami, mat",N2,"다다미, 매트 계산"
～色,～しょく,kind of color,N2,색깔의 종류
～過ぎる,～すぎる,too much ~,N2,너무 많아 ~
～済,～ずみ,finished,N2,완성된
～席,～せき,counter for seats,N2,좌석 카운터
～船,～せん,counter for ships,N2,선박용 카운터
～戦,～せん,"counter for games, matches",N2,"게임, 성냥 카운터"
～前,～ぜん,before ~,N2,~전에
～沿い,～そい,along,N2,~을 따라
～艘,～そう,counter for ships,N2,선박용 카운터
～足,～そく,counter for shoes,N2,신발 카운터
～だらけ,～だらけ,"be full of ~, be filled with ~",N2,"~으로 가득 차다, ~로 가득 차다"
～団,～だん,"group, corps, party",N2,"단체, 군단, 당"
～着,～ちゃく,counter for clothes; finishing place,N2,옷 카운터; 마무리 장소
～庁,～ちょう,"office, agency",N2,"사무실, 대리점"
～兆,～ちょう,trillion,N2,일조
～長,～ちょう,"leader, head",N2,"리더, 머리"
～帳,～ちょう,"~ book, notebook",N2,"~ 책, 노트"
～丁目,～ちょうめ,"~ district (of a town; city, block)",N2,"~ 지구 (마을의; 도시, 블록)"
～通,～つう,counter for letters,N2,편지 카운터
～遣い,～づかい,use of ~,N2,~의 사용
～付,～つき,with ~,N2,~와 함께
～続く,～つづく,"follow, continue, go on",N2,"따라가다, 계속하다, 계속하다"
～辛い,～づらい,hard to do ~,N2,~하기 어렵다
～滴,～てき,drop,N2,떨어지다
～点,～てん,counter for scores,N2,점수 카운터
～頭,～とう,counter for animals,N2,동물용 카운터
～等,～とう,"level, place",N2,"레벨, 장소"
～島,～とう,kind of islands,N2,섬의 종류
～道,～どう,"kind of path, road",N2,"일종의 길, 도로"
～通り,～とおり,"in accordance with ~; following ~; ~ street, ~ avenue",N2,"~에 따라; ~을 따르다; ~ 거리, ~ 거리"
～ところ,～ところ,about to do ~,N2,~할 예정이다
～内,～ない,inside ~,N2,내부 ~
～年生,～ねんせい,counter for school year,N2,학년 카운터
～泊,～はく,"counter for staying (e.g., 2 nights)",N2,숙박 카운터(예: 2박)
～発,～はつ,counter for bullets,N2,총알 카운터
～番目,～ばんめ,~th,N2,~일
～費,～ひ,cost of ~,N2,~의 비용
～病,～びょう,kind of disease,N2,질병의 종류
～部,～ぶ,~ part,N2,~ 부분
～風,～ふう,~ style,N2,~ 스타일
～振り,～ぶり,after an interval of ~,N2,~의 간격을 두고
～遍,～へん,time,N2,시간
～弁,～べん,"speech, dialect",N2,"연설, 방언"
～歩,～ほ,"step, pace",N2,"걸음, 속도"
～ぽい,～ぽい,~ish,N2,~같은
～ほう (ひかく),～ほう (ひかく),(in comparison),N2,(비교)
～みたい,～みたい,looks like ~,N2,~처럼 보인다
～向け,～むけ,for ~,N2,~을 위해
～名,～めい,counter for people,N2,사람들을 위한 카운터
～もち,～もち,person who has ~,N2,~을 가진 사람
～問,～もん,counter for questions,N2,질문 카운터
～夜,～や,counter for nights,N2,밤에는 카운터
～等,～ら,plural persons,N2,복수 명
～流,～りゅう,"fashion, manner, way",N2,"패션, 매너, 방식"
～料,～りょう,"fare, charge",N2,"요금, 요금"
～領,～りょう,territory,N2,지역
～力,～りょく,power of ~,N2,~의 힘
～論,～ろん,theory,N2,이론
～羽,～わ,counter for rabbits; birds,N2,토끼 카운터; 조류
相変わらず,あいかわらず,"as usual, as always, as before, as ever, still",N2,"언제나처럼, 언제나처럼, 예전처럼, 여전히, 여전히"
アイデア; アイディア,アイデア; アイディア,idea,N2,아이디어
あいまい,あいまい,"vague, ambiguous",N2,"모호한, 모호한"
扇ぐ,あおぐ,"to fan, to flap",N2,"부채질하다, 펄럭이다"
青白い,あおじろい,pale,N2,창백한
呆れる,あきれる,"to be shocked, to be appalled",N2,"충격을 받다, 경악하다"
アクセント,アクセント,accent,N2,악센트
あくび,あくび,yawn,N2,따분한 사람
飽くまで,あくまで,"to the end, to the last, stubbornly",N2,"끝까지, 끝까지, 고집스럽게"
明くる～,あくる～,"next, following",N2,"다음, 다음"
明け方,あけがた,dawn,N2,새벽
憧れる,あこがれる,"to long for, to yearn after",N2,"동경하다, 동경하다"
朝寝坊,あさねぼう,"oversleeping, late riser",N2,"늦잠, 늦게 일어나는 사람"
足跡,あしあと,footprint,N2,발자국
足元,あしもと,at one's feet,N2,발 밑에
味わう,あじわう,"to taste, to savor",N2,"맛보다, 맛보다"
預かる,あずかる,"to keep in custody, to receive on deposit, to take charge of",N2,"보관하다, 보관하다, 맡다, 맡다"
温まる,あたたまる,to warm oneself,N2,몸을 따뜻하게 하다
当たり前,あたりまえ,"natural, reasonable, obvious, usual, common, ordinary, commonplace, the norm",N2,"자연스러운, 합리적인, 명백한, 보통의, 일반적인, 보통의, 평범한, 규범"
あちらこちら,あちらこちら,here and there,N2,이리저리
厚かましい,あつかましい,"impudent, shameless,",N2,"뻔뻔한, 뻔뻔한,"
圧縮,あっしゅく,"compression, condensation, pressure",N2,"압축, 응축, 압력"
宛名,あてな,"address, direction",N2,"주소, 방향"
当てはまる,あてはまる,"to be applicable, to come under (a category)",N2,"적용 가능하다, (범주)에 속하다"
当てはめる,あてはめる,"to apply, to adapt",N2,"적용하다, 적응하다"
暴れる,あばれる,"to act violently, to rage",N2,"난폭하게 행동하다, 화를 내다"
脂,あぶら,"fat, tallow, lard",N2,"지방, 수지, 라드"
あぶる,あぶる,"to scorch, to roast",N2,"태우다, 굽다"
あふれる,あふれる,"to flood, to overflow",N2,"범람하다, 범람하다"
雨戸,あまど,sliding storm door,N2,슬라이딩 폭풍 문
甘やかす,あまやかす,"to pamper, to spoil",N2,"애지중지하다, 망치다"
余る,あまる,"to be left over, to be in excess",N2,"남다, 초과하다"
編み物,あみもの,knitting,N2,편물
あみもの,あみもの,"knitting, web",N2,"뜨개질, 웹"
編む,あむ,to knit,N2,뜨개질하다
危うい,あやうい,"dangerous, critical",N2,"위험한, 중대한"
怪しい,あやしい,"suspicious, dubious, doubtful",N2,"의심스러운, 의심스러운, 의심스러운"
荒い,あらい,"rough, rude, wild",N2,"거친, 무례한, 거친"
粗い,あらい,"coarse, rough",N2,"거친, 거친"
粗筋,あらすじ,"outline, synopsis",N2,"개요, 개요"
争う,あらそう,"to compete, to contest, to contend to quarrel, to argue, to dispute, to be at variance, to oppose",N2,"경쟁하다, 경쟁하다, 논쟁하다, 논쟁하다, 논쟁하다, 반대하다, 반대하다"
改めて,あらためて,"another time, again",N2,또 다시
改める,あらためる,"to change, to reform, to revise",N2,"바꾸다, 개혁하다, 개정하다"
あらわす,あらわす,"to write, to publish",N2,"집필하다, 출판하다"
有難い,ありがたい,"grateful, thankful, appreciated",N2,"고마워요, 고마워요, 고맙습니다"
あれこれ,あれこれ,"one thing or another, this and that",N2,"이것저것, 이것저것"
荒れる,あれる,"to be stormy, to be rough, to be ruined",N2,"폭풍우가 치다, 거칠다, 망가지다"
慌ただしい,あわただしい,"busy, hurried",N2,"바쁘다, 서두르다"
慌てる,あわてる,"to become confused (disconcerted, disorganized), to be flustered, to panic, to hurry, to rush, to hasten",N2,"혼란스러워지다 (당황하다, 혼란스러워지다), 당황하다, 당황하다, 서두르다, 서두르다, 서두르다"
安易,あんい,easy-going,N2,여유로운
案外,あんがい,"unexpectedly, surprisingly",N2,"뜻밖의, 놀랍게도"
アンテナ,アンテナ,antenna,N2,안테나
言い出す,いいだす,"to start talking, to suggest",N2,"말을 시작하다, 제안하다"
言い付ける,いいつける,"to tell, to order",N2,"말하다, 주문하다"
意義,いぎ,"meaning, significance",N2,"의미, 의의"
生き生き,いきいき,"vividly, lively",N2,"생생하게, 생기있게"
いきなり,いきなり,all of a sudden,N2,갑자기
幾～,いく～,several ~,N2,여러 ~
育児,いくじ,"childcare, nursing",N2,"육아, 간호"
幾分,いくぶん,somewhat,N2,약간
生け花,いけばな,flower arrangement,N2,꽃꽂이
以後,いご,after this; from now on; hereafter,N2,이 후에; 지금부터; 이후
イコール,イコール,equal,N2,동일한
以降,いこう,"on and after, hereafter",N2,"앞으로도, 앞으로도"
勇ましい,いさましい,"brave, valiant",N2,"용감한, 용감한"
衣食住,いしょくじゅう,"food, clothing and shelter",N2,"음식, 의복 및 피난처"
いちいち,いちいち,"one by one, separately",N2,"하나씩, 따로"
一応,いちおう,"tentatively, for the time being",N2,"잠정적으로, 당분간"
一段と,いちだんと,"by far, greater",N2,훨씬 더 큰
一流,いちりゅう,"first class, leading",N2,"일등, 선두"
一昨日,いっさくじつ,day before yesterday,N2,그저께
一昨年,いっさくねん,year before last,N2,지난 해
一斉,いっせい,"simultaneous, all at once",N2,"동시에, 한꺼번에"
一旦,いったん,"once, for a moment",N2,"한 번, 잠시 동안"
一定,いってい,"fixed, settled, regular",N2,"고정된, 고정된, 정기적인"
行っていらっしゃい,いっていらっしゃい,"have a nice day, see you",N2,"좋은 하루 보내세요, 또 만나요"
いってきます,いってきます,"(Lit.) I'll go and come back, 'I'm going, see you later'",N2,"(Lit.) 갔다가 돌아올게 '갈게, 이따 봐'"
いってまいります,いってまいります,"(Lit.) I'll go and come back, 'I'm going, see you later'",N2,"(Lit.) 갔다가 돌아올게 '갈게, 이따 봐'"
行ってらっしゃい,いってらっしゃい,"have a nice day, see you",N2,"좋은 하루 보내세요, 또 만나요"
移転,いてん,"moving, transfer",N2,"이사하다, 옮기다"
井戸,いど,water well,N2,우물
緯度,いど,latitude (navigation),N2,위도(탐색)
威張る,いばる,"to be proud, to swagger",N2,"자랑스러워하다, 뽐내다"
嫌がる,いやがる,"reluctant, to dislike",N2,"꺼려하다, 싫어하다"
いよいよ,いよいよ,"more and more, increasingly, at last",N2,"점점 더, 점점 더, 마침내"
煎る,いる,to roast,N2,굽다
炒る,いる,"to parch, to roast",N2,"볶다, 굽다"
入れ物,いれもの,"container, case",N2,"용기, 케이스"
インキ,インキ,ink,N2,잉크
引力,いんりょく,gravity,N2,중력
ウーマン,ウーマン,woman,N2,여성
ウール,ウール,wool,N2,양모
ウエートレス,ウエートレス,waitress,N2,웨이트리스
植木,うえき,"garden shrubs, trees, potted plant",N2,"정원 관목, 나무, 화분"
飢える,うえる,to starve,N2,굶어 죽다
浮ぶ,うかぶ,"to float, to rise to surface, to come to mind",N2,"떠오르다, 떠오르다, 떠오르다"
浮かべる,うかべる,to float; to express,N2,떠다니다; 표현하다
浮く,うく,to float,N2,떠다니다
承る,うけたまわる,"(humble) to hear, to be told, to know",N2,"(겸손하게) 듣다, 듣다, 알다"
受取,うけとり,receipt,N2,영수증
受け持つ,うけもつ,to take (be in) charge of,N2,~을 맡다(맡다)
薄暗い,うすぐらい,"dim, gloomy",N2,"어둡다, 우울하다"
薄める,うすめる,"to dilute, to water down",N2,"희석시키다, 희석시키다"
打合せ,うちあわせ,"business meeting, previous arrangement",N2,"비즈니스 미팅, 사전 약속"
打ち消す,うちけす,"to deny, to negate",N2,"부정하다, 부정하다"
写る,うつる,"to be photographed, to be projected",N2,"사진을 찍다, 투영하다"
うどん,うどん,udon noodles (Japanese traditional noodles),N2,우동(일본 전통 국수)
うなずく,うなずく,to nod,N2,고개를 끄덕이다
有無,うむ,"existence or nonexistence, presence of absence consent or refusal, yes or no",N2,"존재 유무, 부재 유무 동의 또는 거부, 예 또는 아니오"
埋める,うめる,"to bury, to fill up, to fill (a seat, a vacant position)",N2,"(자리, 빈 자리를) 채우다, 채우다, 채우다"
敬う,うやまう,"to show respect, to honor",N2,"존경심을 표하다, 존경하다"
裏返す,うらがえす,"to turn inside out, to turn (something) over",N2,"(무엇을) 뒤집다, 뒤집다"
裏口,うらぐち,"backdoor, rear entrance",N2,"뒷문, 뒷문"
占う,うらなう,"to predict, to divine",N2,"예측하다, 신성하게 하다"
恨み,うらみ,resentment,N2,원한
恨む,うらむ,"to curse, to feel bitter",N2,"저주하다, 쓰라린 기분을 느끼다"
羨む,うらやむ,to envy,N2,부러워하다
売上,うりあげ,"amount sold, proceeds",N2,"판매금액, 수익금"
売り上げ,うりあげ,"amount sold, sales, proceeds, takings, turnover",N2,"판매 금액, 판매, 수익금, 취득, 매출액"
売り切れ,うりきれ,sold-out,N2,매진
売り切れる,うりきれる,to be sold out,N2,매진되다
売行き,うれゆき,sales,N2,매상
売れ行き,うれゆき,"sales, demand",N2,"판매, 수요"
うろうろ,うろうろ,"loitering, aimless wandering",N2,"배회하다, 목적 없이 방황하다"
上～,うわ～,upper ~,N2,위 ~
運河,うんが,"canal, waterway",N2,"운하, 수로"
うんと,うんと,"a great deal, very much",N2,"아주 많이, 아주 많이"
英文,えいぶん,sentence in English,N2,영어로 된 문장
英和,えいわ,"English-Japanese (e.g., dictionary)",N2,영어-일본어(예: 사전)
ええと,ええと,"let me see, well, er...",N2,"어디 보자, 음, 어..."
液体,えきたい,"liquid, fluid",N2,"액체, 액체"
エチケット,エチケット,etiquette,N2,에티켓
絵の具,えのぐ,"colors, paints",N2,"색상, 페인트"
エプロン,エプロン,apron,N2,앞치마
偉い,えらい,"great, celebrated, remarkable,",N2,"훌륭한, 축하받는, 주목할 만한,"
宴会,えんかい,"party, banquet",N2,"파티, 연회"
園芸,えんげい,"horticulture, gardening",N2,"원예, 원예"
演劇,えんげき,play (theatrical),N2,연극(연극)
円周,えんしゅう,circumference,N2,둘레
遠足,えんそく,"trip, hike, picnic",N2,"여행, 하이킹, 피크닉"
延長,えんちょう,"extension, prolongation",N2,"연장, 연장"
煙突,えんとつ,chimney,N2,굴뚝
オーケストラ,オーケストラ,orchestra,N2,오케스트라
オートメーション,オートメーション,automation,N2,오토메이션
追いかける,おいかける,to chase or run after someone,N2,누군가를 쫓거나 뒤쫓다
追い越す,おいこす,"to pass (e.g., car), to outdistance, to outstrip",N2,"(예: 자동차를) 추월하다, 더 멀리 달리다, 앞지르다"
オイル,オイル,oil,N2,기름
応援,おうえん,"aid, assistance, help, support, reinforcement cheering, rooting (for), support",N2,"원조, 지원, 도움, 지원, 강화 응원, 응원(~을), 지지하다"
王女,おうじょ,princess,N2,공주
応ずる,おうずる,"to respond, to comply with",N2,"응답하다, 준수하다"
応接,おうせつ,reception,N2,리셉션
応対,おうたい,"receiving, dealing with",N2,"받는 것, 다루는 것"
往復,おうふく,"(col) round trip, coming and going, return ticket",N2,"(col) 왕복, 왕복, 왕복 티켓"
欧米,おうべい,"Europe and America, the West",N2,"유럽과 미국, 서부"
応用,おうよう,"application, put to practical use",N2,"응용, 실용화하다"
おおざっぱ,おおざっぱ,"rough (not precise), broad, sketchy",N2,"거친 (정확하지 않음), 넓은, 개략적인"
大通り,おおどおり,main street,N2,큰길
大凡,おおよそ,"about, approximately",N2,"대략, 대략"
お帰り,おかえり,"return, welcome",N2,"돌아오세요, 환영합니다"
おかけください,おかけください,please sit down,N2,앉으세요
おかげさまで,おかげさまで,"Thanks to god, thanks to you",N2,"하느님 덕분에, 덕분에"
おかず,おかず,"side dish, accompaniment for rice dishes",N2,"반찬, 밥반찬"
おかまいなく,おかまいなく,please don't fuss over me,N2,제발 나 때문에 소란을 피우지 마세요
拝む,おがむ,"to worship, to pray",N2,"예배하다, 기도하다"
お代わり,おかわり,"second helping, another cup",N2,"두 번째 도움, 한 잔 더"
補う,おぎなう,to compensate for,N2,보상하다
お気の毒に,おきのどくに,I'm sorry to hear that…,N2,그 말을 들으니 안타깝습니다…
屋外,おくがい,outdoors,N2,옥외
送り仮名,おくりがな,part of word written in kana,N2,가나로 쓰여진 단어의 일부
お元気で,おげんきで,Take care',N2,잘 지내세요'
怠る,おこたる,"to neglect, to fail",N2,"무시하다, 실패하다"
押さえる,おさえる,"to pin down, to hold down, to press down, to hold in place, to hold steady to cover (esp. a part of one's body with one's hand), to clutch (a body part in pain), to press (a body part) to get a hold of, to obtain, to seize, to catch, to arrest",N2,"고정하다, 누르다, 누르다, 제자리에 고정하다, 단단히 붙잡다 (특히 손으로 신체의 일부)를 덮다, 움켜쥐다 (고통이 있는 신체 부위), 누르다 (신체 부위) 움켜쥐다, 획득하다, 붙잡다, 붙잡다, 체포하다"
お先に,おさきに,"before, after you",N2,"너 이전에, 너 이후에"
伯父,おじ,(humble) uncle (older than one's parent),N2,(겸손한) 삼촌 (부모님보다 나이가 많은)
叔父,おじ,uncle (younger than one's parent),N2,삼촌(부모보다 어린)
惜しい,おしい,"regrettable, disappointing",N2,"유감스럽다, 실망스럽다"
伯父さん,おじさん,"(hon.) middle-aged gentleman, uncle",N2,"(hon.) 중년 신사, 삼촌"
小父さん,おじさん,"(hon.) middle-aged gentleman, uncle",N2,"(hon.) 중년 신사, 삼촌"
叔父さん,おじさん,"(hon.) middle-aged gentleman, uncle",N2,"(hon.) 중년 신사, 삼촌"
お邪魔します,おじゃまします,Excuse me for disturbing you,N2,방해해서 미안해요
お世話になりました,おせわになりました,I've been in your care,N2,나는 당신의 보살핌을 받았습니다
お大事に,おだいじに,"Take care of yourself, Take care!, Get well soon",N2,"몸 조심하세요, 건강하세요!, 빨리 나으세요"
落着く,おちつく,"to calm down, to settle down",N2,"진정시키다, 진정시키다"
お出掛け,おでかけ,outing,N2,나들이
お手伝いさん,おてつだいさん,maid,N2,하녀
脅かす,おどかす,"to threaten, to coerce",N2,"위협하다, 강요하다"
落し物,おとしもの,lost property,N2,분실물
驚かす,おどろかす,"to surprise, to frighten",N2,"놀라게 하다, 겁을 주다"
お願いします,おねがいします,"Please (lit., I request)",N2,"제발 (직역하면, 요청합니다)"
各々,おのおの,"each, every, either",N2,"각각, 각각, 어느쪽이든"
伯母,おば,(humble) aunt (older than one's parent),N2,(겸손한) 이모 (부모님보다 나이가 많은)
叔母,おば,aunt (younger than one's parent),N2,이모(부모님보다 어린)
小母さん,おばさん,"lady, woman, ma'am",N2,"아가씨, 여자, 부인"
おはよう,おはよう,(abbr.) Good morning,N2,(축약) 좋은 아침
お参り,おまいり,"worship, shrine visit",N2,"참배, 참배"
お待たせしました,おまたせしました,Sorry to have kept you waiting,N2,기다리게 해서 미안해요
お待ちください,おまちください,Please wait a moment,N2,잠시만 기다려주세요
おまちどおさま,おまちどおさま,Sorry to have kept you waiting,N2,기다리게 해서 미안해요
おめでたい,おめでたい,"happy event, matter for congratulation",N2,"기쁜 일, 축하 사항"
思い掛けない,おもいがけない,"unexpected, casual",N2,"예상치 못한, 캐주얼한"
思い切り,おもいきり,"with all one's strength (heart), resignation, resolution",N2,"온 힘을 다해(마음), 체념, 각오"
思い込む,おもいこむ,"to be under impression that, to be convinced that",N2,"~이라는 인상을 받다, ~이라고 확신하다"
思いっ切り,おもいっきり,"very, much, fully",N2,"아주, 많이, 완전히"
思いっきり,おもいっきり,to the best of one's ability,N2,최선을 다해
重たい,おもたい,"heavy, massive, serious",N2,"무거운, 대규모의, 심각한"
お休み,おやすみ,"holiday, absence; (exp.) Good night",N2,"휴일, 결석; (exp.) 잘자요"
おやつ,おやつ,"between meal snack, afternoon refreshment",N2,"식사간식, 오후 다과"
親指,おやゆび,thumb,N2,무지
オルガン,オルガン,organ,N2,오르간
御～,おん～,honorific ~,N2,존댓말 ~
恩恵,おんけい,"blessing, benefit",N2,"축복, 혜택"
温室,おんしつ,greenhouse,N2,온실
温泉,おんせん,"spa, hot spring",N2,"스파, 온천"
温帯,おんたい,temperate zone,N2,온대 지역
御中,おんちゅう,Messrs.,N2,선생님.
女の人,おんなのひと,woman,N2,여성
蚊,か,mosquito,N2,모기
カーブ,カーブ,curve; curve ball (baseball),N2,곡선; 커브볼(야구)
貝,かい,"shell, shellfish",N2,"조개, 조개"
外～,がい～,"foreign ~, outside ~",N2,"외국 ~, 외부 ~"
開会,かいかい,opening of a meeting,N2,회의의 시작
会館,かいかん,"meeting hall, assembly hall",N2,"회의실, 집회장"
改札,かいさつ,examination of tickets,N2,티켓 검사
解散,かいさん,"breakup, dissolution",N2,"이별, 해산"
海水浴,かいすいよく,"sea bathing, seawater bath",N2,"해수욕, 해수욕"
回数,かいすう,"number of times, frequency",N2,"횟수, 빈도"
回数券,かいすうけん,book of tickets,N2,티켓북
改正,かいせい,"revision, amendment, alteration",N2,"개정, 개정, 변경"
快晴,かいせい,good weather,N2,좋은 날씨
解説,かいせつ,"explanation, commentary",N2,"설명, 해설"
改造,かいぞう,remodeling,N2,중수
開通,かいつう,"opening, open",N2,"열다, 열다"
回転,かいてん,"rotation, turning",N2,"회전, 터닝"
解答,かいとう,"answer, solution",N2,"대답, 해결책"
回答,かいとう,"reply, answer",N2,"대답하다, 대답하다"
外部,がいぶ,"the outside, external",N2,"외부, 외부"
解放,かいほう,"release, liberation, emancipation",N2,"해방, 해방, 해방"
開放,かいほう,"open, throw open, liberalization",N2,"열다, 열다, 자유화"
海洋,かいよう,ocean,N2,대양
概論,がいろん,"introduction, general remark",N2,"소개, 총평"
却って,かえって,"on the contrary, rather",N2,오히려 오히려
家屋,かおく,"house, building",N2,"집, 건물"
係わる,かかわる,"to concern oneself in, to be involved in",N2,"~에 관여하다, 관여하다"
書留,かきとめ,registered mail,N2,등기우편
書取,かきとり,dictation,N2,받아쓰기
垣根,かきね,hedge,N2,방지책
限り,かぎり,"limit(s), as far as possible",N2,최대한 제한
各～,かく～,"every ~, each ~",N2,"~마다, 각각 ~마다"
架空,かくう,"imaginary, fiction, fanciful",N2,"상상의, 허구의, 공상적인"
各自,かくじ,"individual, each",N2,"개인, 각자"
拡充,かくじゅう,expansion,N2,확장
学術,がくじゅつ,"science, learning, scholarship",N2,"과학, 학습, 장학금"
各地,かくち,various parts of the country,N2,나라의 여러 지역
拡張,かくちょう,"expansion, extension",N2,"확장, 확장"
角度,かくど,angle,N2,각도
学年,がくねん,"year in school, grade in school",N2,"학년, 학년"
学部,がくぶ,"department of a university undergraduate (course, program, etc.)",N2,"대학 학부의 학과(과정, 프로그램 등)"
格別,かくべつ,exceptional,N2,특별한
確率,かくりつ,probability,N2,개연성
学力,がくりょく,"scholarship, knowledge",N2,"장학금, 지식"
掛け算,かけざん,multiplication,N2,곱셈
かけざん,かけざん,multiplication,N2,곱셈
可決,かけつ,"approval, adoption (e.g., motion, bill), passage",N2,"승인, 채택(예: 동의, 법안), 통과"
火口,かこう,crater (of a volcano),N2,분화구 (화산의)
下降,かこう,"decline, descent, fall",N2,"쇠퇴, 하강, 가을"
重ねる,かさねる,"to pile up, to heap up, to stack up, to put on top of another to repeat many times over, to go through repeatedly, to accumulate",N2,"쌓다, 쌓다, 쌓다, 쌓다, 여러 번 반복하다, 계속해서 반복하다, 쌓아 올리다"
飾り,かざり,"decoration, ornament, trimmings",N2,"장식, 장식품, 장식"
火山,かざん,volcano,N2,화산
かしこまりました,かしこまりました,Certainly,N2,틀림없이
貸し出し,かしだし,"lending, loaning",N2,"대출, 대출"
過失,かしつ,"error, mistake, negligence",N2,"오류, 실수, 과실"
果実,かじつ,fruit,N2,과일
貸間,かしま,room to let,N2,허락할 수 있는 방
貸家,かしや,house for rent,N2,임대용 주택
箇所,かしょ,"place, point, part",N2,"장소, 지점, 부분"
かしょ,かしょ,"passage, place",N2,"통로, 장소"
過剰,かじょう,"excess, over-",N2,"초과, 초과-"
かじる,かじる,"to chew, to bite (at)",N2,"씹다, 물다 (에)"
課税,かぜい,taxation,N2,과세
カセット,カセット,cassette (tape),N2,카세트(테이프)
下線,かせん,"underline, underscore",N2,"밑줄, 밑줄"
加速,かそく,acceleration,N2,가속
加速度,かそくど,acceleration,N2,가속
かたかな,かたかな,katakana,N2,가타카나
かたづく,かたづく,"to put in order, to dispose of, to solve",N2,"정리하다, 처분하다, 해결하다"
塊,かたまり,"lump, mass, cluster",N2,"덩어리, 덩어리, 클러스터"
固まる,かたまる,"to harden, to solidify, to become firm",N2,"굳어지다, 굳어지다, 단단해지다"
片道,かたみち,one-way (trip),N2,편도(여행)
傾く,かたむく,"to incline toward, to slant, to lurch",N2,"~쪽으로 기울다, 기울다, 휘청거리다"
片寄る,かたよる,"to be one-sided, to incline, to be partial",N2,"한쪽으로 치우치다, 한쪽으로 치우치다, 편파적이다"
学科,がっか,"study subject, course of study",N2,"학습과목, 학습과정"
学会,がっかい,academic conference,N2,학술회의
楽器,がっき,musical instrument,N2,악기
学級,がっきゅう,class,N2,수업
担ぐ,かつぐ,"to shoulder, to carry on shoulder",N2,"어깨에 짊어지다, 어깨에 메다"
括弧,かっこ,"parenthesis, brackets",N2,"괄호, 괄호"
活字,かつじ,printing type,N2,인쇄 유형
勝手に,かってに,"arbitrarily,",N2,"임의로,"
活躍,かつやく,"activity (esp. energetic or successful), great efforts, active participation",N2,"활동(특히 활력이 넘치거나 성공적인), 엄청난 노력, 적극적인 참여"
活力,かつりょく,"vitality, energy",N2,"활력, 에너지"
課程,かてい,"course, curriculum",N2,"코스, 커리큘럼"
仮名,かな,kana,N2,가나
仮名遣い,かなづかい,"kana orthography, syllabary spelling",N2,"가나 철자법, 음절 철자법"
鐘,かね,"bell (often a large hanging bell), chime",N2,"종(종종 큰 매달린 종), 차임벨"
加熱,かねつ,heating,N2,난방
兼ねる,かねる,to simultaneously serve two or more functions,N2,두 가지 이상의 기능을 동시에 수행하다
カバー,カバー,"cover (e.g., book)",N2,표지(예: 책)
過半数,かはんすう,majority,N2,다수
かび (～がはえる),かび (～がはえる),"mold, mildew",N2,"곰팡이, 곰팡이"
被せる,かぶせる,to cover (with something),N2,(무언가로) 덮다
釜,かま,"iron pot, kettle",N2,"쇠 냄비, 주전자"
構いません,かまいません,it's all right; one doesn’t mind,N2,괜찮아요. 하나는 신경 쓰지 않는다
紙屑,かみくず,wastepaper,N2,휴지
神様,かみさま,god,N2,하나님
剃刀,かみそり,razor,N2,면도칼
ガム,ガム,chewing gum,N2,껌
貨物,かもつ,"cargo, freight",N2,"화물, 화물"
歌謡,かよう,"song, ballad",N2,"노래, 발라드"
殻,から,"shell, husk, hull, pod, chaff",N2,"껍질, 껍질, 선체, 꼬투리, 왕겨"
カラー,カラー,"collar, color",N2,"칼라, 색상"
からかう,からかう,"to ridicule, to make fun of",N2,"비웃다, 조롱하다"
空っぽ,からっぽ,"empty, vacant, hollow",N2,"비어 있는, 비어 있는, 비어 있는"
かるた,かるた,playing cards (POR: carta),N2,카드 놀이 (POR: 카르타)
枯れる,かれる,"to wither, to die (plant), to be blasted (plant)",N2,"시들다, 죽다(식물), 폭발하다(식물)"
カロリー,カロリー,calorie,N2,칼로리
可愛がる,かわいがる,"to love, to be affectionate",N2,"사랑하다, 다정하게 굴다"
乾かす,かわかす,"to dry (clothes, etc.), to desiccate",N2,"(옷 등을) 말리다, 건조시키다"
為替,かわせ,"money order, exchange",N2,"우편환, 환전"
瓦,かわら,roof tile,N2,지붕 타일
間隔,かんかく,"space, interval space character, whitespace",N2,"공백, 간격 공백 문자, 공백"
換気,かんき,ventilation,N2,통풍
感激,かんげき,"deep emotion, impression, inspiration",N2,"깊은 감정, 감동, 영감"
関西,かんさい,"south-western half of Japan, including Osaka",N2,오사카를 포함한 일본 남서부 절반
元日,がんじつ,New Year's Day,N2,설날
鑑賞,かんしょう,appreciation,N2,감사
感ずる,かんずる,"to feel, to sense",N2,"느끼다, 감지하다"
間接,かんせつ,"indirect, indirectness",N2,"간접적인, 간접적인 것"
乾燥,かんそう,"dry, arid, insipid, dehydrated",N2,"건조한, 건조한, 무미건조한, 탈수된"
感想,かんそう,"impressions, thoughts, feelings, reactions",N2,"인상, 생각, 감정, 반응"
観測,かんそく,observation,N2,관찰
寒帯,かんたい,frigid zone,N2,추운 지역
勘違い,かんちがい,"misunderstanding, wrong guess",N2,"오해, 잘못된 추측"
官庁,かんちょう,"government office, authorities",N2,"관공서, 당국"
缶詰,かんづめ,"canning, canned goods,",N2,"통조림, 통조림,"
乾電池,かんでんち,"dry cell, battery",N2,"건전지, 배터리"
関東,かんとう,"eastern half of Japan, including Tokyo",N2,도쿄를 포함한 일본 동부
観念,かんねん,"idea, notion; sense",N2,"아이디어, 개념; 감각"
乾杯,かんぱい,Cheers! (a toast),N2,건배! (건배)
看板,かんばん,"sign, signboard",N2,"간판, 간판"
看病,かんびょう,nursing (a patient),N2,간호 (환자)
冠,かんむり,"crown, wreath",N2,"왕관, 화환"
漢和,かんわ,"Chinese Character-Japanese (e.g., dictionary)",N2,한자-일본어(예: 사전)
気圧,きあつ,atmospheric pressure,N2,기압
着替え,きがえ,"changing clothes, change of clothes",N2,"옷을 갈아입다, 옷을 갈아입다"
着替える,きがえる,to change (one's) clothes,N2,(사람의) 옷을 갈아입다
機関車,きかんしゃ,"locomotive, engine",N2,"기관차, 엔진"
飢饉,ききん,famine,N2,기근
器具,きぐ,instrument,N2,기구
期限,きげん,"term, period, time frame time limit, deadline, cutoff (date)",N2,"기간, 기간, 기간 기한, 마감일, 마감(날짜)"
記号,きごう,"symbol, code",N2,"상징, 코드"
刻む,きざむ,"to mince, to carve, to engrave",N2,"다지다, 조각하다, 새기다"
儀式,ぎしき,"ceremony, rite, ritual",N2,"의례, 의례, 의례"
基準,きじゅん,"standard, basis, criteria",N2,"표준, 기초, 기준"
規準,きじゅん,"standard, basis, criteria",N2,"표준, 기초, 기준"
起床,きしょう,"rising, getting out of bed",N2,"일어나기, 침대에서 일어나기"
着せる,きせる,to put on clothes,N2,옷을 입다
基礎,きそ,"foundation, basis",N2,"기초, 기초"
基地,きち,base,N2,베이스
きっかけ,きっかけ,"prompt, trigger, cue",N2,"프롬프트, 트리거, 신호"
切っ掛け,きっかけ,"chance, start, cue, excuse, motive, impetus, occassion",N2,"기회, 시작, 단서, 변명, 동기, 추진력, 사건"
ぎっしり,ぎっしり,"tightly, fully",N2,"단단히, 완전히"
基盤,きばん,"foundation, basis",N2,"기초, 기초"
客席,きゃくせき,guest seating,N2,손님 좌석
客間,きゃくま,"parlor, guest room",N2,"응접실, 손님방"
ギャング,ギャング,gang,N2,가다
キャンパス,キャンパス,campus,N2,교정
休業,きゅうぎょう,"closure, shutdown, holiday",N2,"폐쇄, 폐쇄, 휴일"
休講,きゅうこう,lecture canceled,N2,강의가 취소되었습니다
休息,きゅうそく,"rest, relief, relaxation",N2,"휴식, 안도감, 휴식"
給与,きゅうよ,salary,N2,샐러리
休養,きゅうよう,"rest, break, recreation",N2,"휴식, 휴식, 휴양"
清い,きよい,"clear, pure, noble",N2,"맑다, 순수하다, 고귀하다"
強化,きょうか,"strengthen, intensify, reinforce",N2,"강화하다, 강화하다, 강화하다"
境界,きょうかい,boundary,N2,경계
共産～,きょうさん～,communist ~,N2,공산주의자 ~
行事,ぎょうじ,"event, function",N2,"이벤트, 기능"
恐縮,きょうしゅく,sorry to trouble,N2,불편을 끼쳐드려 죄송합니다
教養,きょうよう,"culture, education, sophistication",N2,"문화, 교육, 세련"
行列,ぎょうれつ,"line, procession; matrix (math)",N2,"줄, 행렬; 행렬(수학)"
漁業,ぎょぎょう,fishing (industry),N2,낚시(산업)
曲線,きょくせん,curve,N2,곡선
規律,きりつ,"order, rules, law",N2,"질서, 규칙, 법"
斬る,きる,"to behead, to murder",N2,"참수하다, 살해하다"
気を付ける,きをつける,"to be careful, to pay attention, to take care",N2,"조심하다, 주의를 기울이다, 조심하다"
琴,きん,13-string Japanese zither,N2,13현 일본 치터
金魚,きんぎょ,goldfish,N2,금붕어
クーラー,クーラー,air conditioner,N2,에어컨
区域,くいき,"zone, district, area",N2,"구역, 구역, 지역"
空～,くう～,empty ~,N2,비어있다 ~
偶数,ぐうすう,even number,N2,우수
空想,くうそう,"daydream, fantasy",N2,"백일몽, 환상"
空中,くうちゅう,"sky, air",N2,"하늘, 공기"
釘,くぎ,nail,N2,못
区切る,くぎる,"to punctuate, to cut off, to mark off",N2,"구두점을 찍다, 잘라내다, 표시하다"
櫛,くし,comb,N2,빗
くしゃみ,くしゃみ,sneeze,N2,재채기
苦情,くじょう,"complaint, grievance, grumble",N2,"불만, 불만, 불평"
苦心,くしん,"pain, trouble",N2,"고통, 문제"
屑,くず,"waste, scrap",N2,"낭비, 스크랩"
崩す,くずす,"to destroy, to make change (money)",N2,"파괴하다, 변화시키다 (돈)"
薬指,くすりゆび,ring finger,N2,약지
崩れる,くずれる,"to collapse, to crumble",N2,"무너지다, 무너지다"
砕く,くだく,"to break, to smash",N2,"부수다, 부수다"
砕ける,くだける,"to break, to be broken",N2,"부서지다, 부서지다"
くたびれる,くたびれる,"to get tired, to wear out",N2,"지치게 하다, 지치게 하다"
くだらない,くだらない,"good-for-nothing, stupid, worthless",N2,"쓸모없는, 멍청한, 쓸모없는"
下る,くだる,"to descend, to go down, to come down",N2,"내려가다, 내려가다, 내려오다"
唇,くちびる,lip,N2,말뿐인
口紅,くちべに,lipstick,N2,입술 연지
くっつく,くっつく,"to adhere to, to keep close to",N2,"~을 고수하다, ~에 가까이 두다"
くっつける,くっつける,to attach,N2,부착하다
くどい,くどい,"verbose, importunate, heavy (taste)",N2,"장황한, 끈질긴, 무거운 (맛)"
句読点,くとうてん,punctuation marks,N2,구두점
配る,くばる,"to distribute, to deliver",N2,"배포하다, 전달하다"
工夫,くふう,"device, artifice, ingenuity",N2,"장치, 기교, 독창성"
区分,くぶん,"division, section, classification",N2,"구분, 구분, 분류"
組合せ,くみあわせ,combination,N2,콤비네이션
組み立てる,くみたてる,"to assemble, to set up, to construct",N2,"조립하다, 세우다, 건설하다"
悔やむ,くやむ,"to regret, to mourn",N2,"후회하다, 애도하다"
クリーニング,クリーニング,"cleaning, dry cleaning, laundry service",N2,"청소, 드라이클리닝, 세탁 서비스"
くるむ,くるむ,"to be enveloped by, to wrap up",N2,"에워싸다, 감싸다"
くれぐれも,くれぐれも,"repeatedly, sincerely, earnestly",N2,"거듭해서, 진심으로, 진심으로"
郡,ぐん,"district, county",N2,"지구, 카운티"
稽古,けいこ,"practice, training, study",N2,"연습, 훈련, 공부"
敬語,けいご,"honorific language (lit., respect language)",N2,"존경어 (lit., 존중 언어)"
蛍光灯,けいこうとう,fluorescent lamp,N2,형광등
形式,けいしき,"form, formality, format",N2,"형식, 형식, 형식"
継続,けいぞく,continuation,N2,계속
毛糸,けいと,knitting wool,N2,뜨개질 양모
経度,けいど,longitude,N2,경도
系統,けいとう,"system, genealogy",N2,"시스템, 계보"
芸能,げいのう,"public entertainment, performing arts",N2,"대중오락, 공연예술"
競馬,けいば,horse racing,N2,경마
警備,けいび,"defense, guard, policing, security",N2,"방어, 경비, 치안, 보안"
形容詞,けいようし,adjective,N2,형용사
形容動詞,けいようどうし,"adjectival noun, quasi-adjective",N2,"형용사, 준형용사"
外科,げか,surgical department,N2,외과
毛皮,けがわ,"fur, skin, pelt",N2,"모피, 피부, 펠트"
激増,げきぞう,sudden increase,N2,격증
下車,げしゃ,"alighting, getting off",N2,"하차, 하차"
下旬,げじゅん,month (last third of),N2,월(마지막 1/3)
下水,げすい,"drainage, sewage, ditch, gutter, sewerage",N2,"배수, 하수, 도랑, 홈통, 하수"
削る,けずる,"to cut down little by little, to take a percentage",N2,"조금씩 줄이다, 일정 비율을 차지하다"
桁,けた,"column, beam, digit",N2,"기둥, 보, 숫자"
下駄,げた,"(Japanese footwear), wooden clogs",N2,"(일본 신발), 나막신"
血圧,けつあつ,blood pressure,N2,혈압
月給,げっきゅう,monthly salary,N2,월급
傑作,けっさく,"masterpiece, best work",N2,"걸작, 최고의 작품"
月末,げつまつ,end of the month,N2,월말
気配,けはい,"indication, sign, hint",N2,"표시, 표시, 힌트"
下品,げひん,"vulgar, indecent, coarse",N2,"저속한, 음란한, 거친"
下品(な),げひん(な),vulgar,N2,저속한
煙い,けむい,smoky,N2,침침한
険しい,けわしい,"steep, rugged; severe",N2,가파르고 험난하다. 극심한
現～,げん～,"present, incumbent",N2,"현재, 현직"
見学,けんがく,"tour, study by observation",N2,"견학, 관찰로 공부하다"
謙虚,けんきょ,"modesty, humble",N2,"겸손, 겸손"
原稿,げんこう,"manuscript, copy",N2,"원고, 사본"
原産,げんさん,place of origin,N2,원산지
原始,げんし,"origin, primeval",N2,"기원, 원시"
研修,けんしゅう,training,N2,훈련
厳重,げんじゅう,"strict, severe, firm",N2,"엄격한, 엄격한, 확고한"
謙遜,けんそん,"humble, humility, modesty",N2,"겸손, 겸손, 겸허"
県庁,けんちょう,prefectural office,N2,현청
限度,げんど,"limit, bounds",N2,"한계, 경계"
現に,げんに,"actually, really",N2,"사실, 정말"
顕微鏡,けんびきょう,microscope,N2,현미경
懸命,けんめい,"eagerness, strenuous",N2,"열심, 분투하다"
原理,げんり,"principle, theory, fundamental truth",N2,"원리, 이론, 근본적인 진실"
原料,げんりょう,raw materials,N2,원료
碁,ご,go (board game),N2,가다(보드게임)
小～,こ～,small ~,N2,작은 ~
コース,コース,course,N2,강의
コーラス,コーラス,chorus,N2,합창
恋しい,こいしい,"dear, beloved; to miss",N2,"친애하는, 사랑하는; 그리워하다"
高～,こう～,high (level) ~,N2,높음 (수준) ~
工員,こういん,factory worker,N2,공장 노동자
強引,ごういん,"forcible, assertive, pushy",N2,"강압적인, 단호한, 강압적인"
公害,こうがい,"public nuisance, pollution",N2,"공공 폐해, 오염"
高級,こうきゅう,high class; first-rate,N2,고급; 일류
公共,こうきょう,"public, community, communal",N2,"대중, 커뮤니티, 공동"
工芸,こうげい,industrial arts,N2,공예
孝行,こうこう,filial piety,N2,효행
交差,こうさ,cross,N2,십자가
講師,こうし,lecturer,N2,강사
工事,こうじ,construction work,N2,건설 작업
公式,こうしき,"formula, formality, official",N2,"공식, 공식, 공식적인"
口実,こうじつ,excuse,N2,변명
こうして,こうして,"like this, with this",N2,"이렇게, 이것으로"
校舎,こうしゃ,"school building, schoolhouse",N2,"학교 건물, 학교"
公衆,こうしゅう,the public,N2,대중
香水,こうすい,perfume,N2,향수
公正,こうせい,"justice, fairness, impartiality",N2,"정의, 공평, 공정성"
功績,こうせき,"achievements, merit",N2,"업적, 장점"
光線,こうせん,"beam, light ray",N2,"빔, 광선"
高層,こうそう,"tall, high rise",N2,"키가 큰, 고층"
構造,こうぞう,"structure, construction",N2,"구조, 건설"
交替,こうたい,"change, relief, alteration",N2,"변화, 완화, 변경"
交代,こうたい,"alternation, change, relief, relay, shift, substitution (sports, etc.), taking turns",N2,"교대, 변경, 구제, 릴레이, 교대, 교체(스포츠 등), 교대"
耕地,こうち,arable land,N2,경지
交通機関,こうつうきかん,transportation facilities,N2,교통시설
校庭,こうてい,school yard,N2,학교 운동장
肯定,こうてい,"positive, affirmation",N2,"긍정, 긍정"
高度,こうど,"altitude, height; advanced",N2,"고도, 높이; 고급의"
高等,こうとう,"high class, high grade",N2,"고급, 고급"
合同,ごうどう,"combination, incorporation",N2,"조합, 편입"
高等学校,こうとうがっこう,senior high school,N2,고등학교
公表,こうひょう,"official announcement, proclamation",N2,"공식발표, 선언"
鉱物,こうぶつ,mineral,N2,광물
公務,こうむ,"official business, public business",N2,"공무, 공무"
項目,こうもく,item,N2,목
紅葉,こうよう,fall colors (of leaves),N2,가을 색깔 (잎의)
こうよう もみじ,こうよう もみじ,(Japanese) maple,N2,(일본어) 단풍나무
合理,ごうり,rational,N2,합리적인
交流,こうりゅう,exchange; alternating current,N2,교환; 교류
合流,ごうりゅう,"confluence, merge, join",N2,"합류하다, 병합하다, 합류하다"
効力,こうりょく,"effect, efficacy",N2,"효과, 효능"
焦がす,こがす,"to burn, to scorch",N2,"태우다, 태우다"
国王,こくおう,king,N2,왕
こくせき,こくせき,nationality,N2,국적
国立,こくりつ,national,N2,국가의
ご苦労様,ごくろうさま,Thank you for your hard work,N2,당신의 노고에 감사드립니다
焦げる,こげる,"to burn, to be burned",N2,"태워지다, 태워지다"
凍える,こごえる,"to freeze, to be chilled, to be frozen",N2,"얼다, 차갑게 하다, 얼다"
心当たり,こころあたり,"having some knowledge of, happening to know",N2,"어느 정도 알고 있다, 알게 되다"
心得る,こころえる,"to understand, to have thorough knowledge",N2,"이해하다, 철저한 지식을 갖다"
腰掛け,こしかけ,"seat, bench",N2,"좌석, 벤치"
腰掛,こしかけ,"seat, bench",N2,"좌석, 벤치"
腰掛ける,こしかける,to sit (down),N2,(앉다) 앉다
五十音,ごじゅうおん,the Japanese syllabary,N2,일본의 음절
こしらえる,こしらえる,"to make, to manufacture",N2,"만들다, 제작하다"
擦る,こする,"to rub, to chafe, to file, to frost (glass), to strike (match)",N2,"문지르다, 문지르다, 갈다, 서리를 내리다(유리), 때리다(성냥)"
個体,こたい,an individual,N2,개인
ごちそうさま,ごちそうさま,Thank you for the meal,N2,식사해주셔서 감사합니다
こちらこそ,こちらこそ,it is I who should say so,N2,그렇게 말해야 할 사람은 나야
小遣い,こづかい,"pocket money, allowance",N2,"용돈, 용돈"
コック,コック,"cook; tap, cock",N2,"요리하다; 탭, 수탉"
こっそり,こっそり,"stealthily, secretly",N2,"몰래, 은밀하게"
古典,こてん,"classics, classic",N2,"클래식, 클래식"
言付ける,ことづける,to leave a message,N2,메시지를 남기려고
言葉遣い,ことばづかい,"speech, expression, wording",N2,"말투, 표정, 말씨"
こないだ,こないだ,"the other day, lately, recently",N2,"저번에, 요즘, 최근에"
御無沙汰,ごぶさた,not writing or contacting for a while,N2,한동안 편지도 연락도 하지 않고
ゴム,ゴム,"gum, rubber",N2,"껌, 고무"
御免,ごめん,"declining (something); pardon, sorry",N2,"(무엇인가) 감소; 미안, 미안"
ごめんください,ごめんください,"May I come in, Is anyone here",N2,들어가도 될까요? 여기 누구 없나요?
小指,こゆび,little finger,N2,새끼 손가락
堪える,こらえる,"to bear, to endure, to put up with",N2,"견디다, 견디다, 견디다"
娯楽,ごらく,"pleasure, amusement, recreation",N2,"즐거움, 오락, 휴양"
御覧,ごらん,"(hon.) look, inspection, try",N2,"(아님.) 보고, 검사하고, 시도해보세요"
コレクション,コレクション,collection; correction,N2,수집; 보정
転がす,ころがす,to roll,N2,굴리다
転がる,ころがる,"to roll, to tumble",N2,"굴러다니다, 굴러다니다"
紺,こん,"navy blue, deep blue",N2,"네이비 블루, 딥 블루"
今～,こん～,"this, current",N2,"이, 현재"
コンクール,コンクール,contest (FRE: concours),N2,콘테스트 (FRE: 콩쿠르)
コンクリート,コンクリート,concrete,N2,콘크리트
混合,こんごう,"mixing, mixture",N2,"섞다, 혼합하다"
コンセント,コンセント,consent; power outlet,N2,동의; 전원 콘센트
献立,こんだて,menu,N2,메뉴
こんばんは,こんばんは,good evening,N2,좋은 저녁이에요
サークル,サークル,"circle, sports club (e.g., at a company)",N2,"서클, 스포츠 클럽(예: 회사에서)"
再～,さい～,re ~,N2,다시 ~
最～,さい～,the most ~,N2,가장 ~
在学,ざいがく,(enrolled) in school,N2,(등록) 학교에
再三,さいさん,"again and again, repeatedly",N2,"몇 번이고, 반복해서"
祭日,さいじつ,"national holiday, festival day",N2,"국경일, 명절"
催促,さいそく,"demand, urge (action), press for",N2,"요구하다, 촉구하다(행동), 압력을 가하다"
採点,さいてん,"marking, grading",N2,"마킹, 그레이딩"
災難,さいなん,"calamity, misfortune",N2,"재난, 불행"
裁縫,さいほう,sewing,N2,재봉
材木,ざいもく,"lumber, timber",N2,"재목, 재목"
サイレン,サイレン,siren,N2,사이렌
逆さ,さかさ,"reverse, upside down",N2,"거꾸로, 거꾸로"
逆様,さかさま,"reverse, upside down",N2,"거꾸로, 거꾸로"
捜す,さがす,"to search, to seek, to look for",N2,"검색하다, 찾다, 찾다"
遡る,さかのぼる,"to go back, to date back; ascend",N2,"돌아가다, 다시 데이트하다; 오르다"
酒場,さかば,"bar, bar-room",N2,"바, 바 룸"
一昨昨日,さきおととい,"two days before yesterday, three days ago",N2,"어제 이틀 전, 사흘 전"
先程,さきほど,a little while ago,N2,조금 전에
索引,さくいん,"index, indices",N2,"인덱스, 인덱스"
作者,さくしゃ,"author, artist",N2,"작가, 예술가"
削除,さくじょ,"elimination, deletion",N2,"제거, 삭제"
作成,さくせい,"creation, preparation, to make",N2,"창작, 준비, 만들다"
作製,さくせい,"manufacture, production",N2,"제조, 생산"
探る,さぐる,"to search, to look for, investigate",N2,"수색하다, 찾다, 조사하다"
囁く,ささやく,"to whisper, to murmur",N2,"속삭이다, 중얼거리다"
刺さる,ささる,"to stick, to be stuck",N2,"달라붙다, 달라붙다"
匙,さじ,spoon,N2,숟가락
座敷,ざしき,tatami room,N2,다다미방
差し支え,さしつかえ,"hindrance, impediment",N2,"방해, 장애"
差し引き,さしひき,"deduction, balance",N2,"공제, 잔액"
刺身,さしみ,sliced raw fish,N2,회
刺す,さす,"to pierce, to stab, to prick, to thrust",N2,"찌르다, 찌르다, 찌르다, 찌르다"
流石,さすが,"indeed, truly, as one would expect",N2,"정말로, 정말로, 예상했던 대로"
撮影,さつえい,photographing,N2,촬영
雑音,ざつおん,"noise (jarring, grating)",N2,"소음(삐걱거리는 소리, 삐걱거리는 소리)"
さっさと,さっさと,quickly,N2,빠르게
早速,さっそく,"at once, immediately, promptly",N2,"즉시, 즉시, 즉시"
錆,さび,rust (color),N2,녹(색상)
錆びる,さびる,"to rust, to become rusty",N2,"녹이 슬다, 녹슬게 되다"
座布団,ざぶとん,cushion (Japanese),N2,쿠션(일본어)
妨げる,さまたげる,"to disturb, to prevent",N2,"방해하다, 방해하다"
さようなら,さようなら,good-bye,N2,안녕히 가세요
サラリーマン,サラリーマン,salaryman; company employee,N2,샐러리맨; 회사 직원
騒がしい,さわがしい,noisy,N2,시끄러운
さわやか,さわやか,"fresh, refreshing",N2,"신선하다, 상쾌하다"
三角,さんかく,"triangle, triangular",N2,"삼각형, 삼각형"
算数,さんすう,arithmetic,N2,산수
酸性,さんせい,acidity acidic,N2,산성도 산성
産地,さんち,producing area,N2,생산지
サンプル,サンプル,sample,N2,견본
山林,さんりん,mountain forest,N2,산림
シーズン,シーズン,season (sporting),N2,시즌 (스포츠)
シーツ,シーツ,sheet,N2,시트
仕上がる,しあがる,to be finished,N2,끝나다
明明後日,しあさって,two days after tomorrow,N2,내일 이틀 뒤
寺院,じいん,temple,N2,절
しいんと (する),しいんと (する),"silent (as the grave), (deathly) quiet",N2,"침묵(무덤처럼), (죽음처럼) 조용함"
自衛,じえい,self-defense,N2,자기 방어
塩辛,しおから,salty (taste),N2,짠맛 (맛)
塩辛い,しおからい,salty (taste),N2,짠맛 (맛)
司会,しかい,"host, chairperson",N2,"사회자, 의장"
しかく しかくい,しかく しかくい,square,N2,정사각형
四角い,しかくい,square,N2,정사각형
仕方がない,しかたがない,"it can't be helped, it's inevitable",N2,"어쩔 수 없지, 피할 수 없는 일이야"
時間割,じかんわり,"timetable, schedule",N2,"시간표, 일정"
四季,しき,four seasons,N2,사계절
敷地,しきち,site,N2,대지
敷く,しく,"to spread out, to lay out",N2,"펼치다, 펼치다"
茂る,しげる,to grow thick,N2,두꺼워지다
持参,じさん,"bringing, taking, carrying",N2,"가져오다, 가져가다, 운반하다"
磁石,じしゃく,magnet,N2,자석
四捨五入,ししゃごにゅう,rounding up (fractions),N2,반올림 (분수)
始終,しじゅう,"continuously, always, constantly",N2,"지속적으로, 항상, 끊임없이"
自習,じしゅう,self-study,N2,자율 학습
静まる,しずまる,"to quieten down, to calm down",N2,"진정시키다, 진정시키다"
姿勢,しせい,attitude; posture,N2,태도; 자세
自然科学,しぜんかがく,natural science,N2,자연과학
時速,じそく,speed (per hour),N2,속도(시간당)
子孫,しそん,"descendant, offspring",N2,"후손, 자손"
死体,したい,corpse,N2,시체
下書き,したがき,"rough copy, draft",N2,"초안, 초안"
自宅,じたく,one's own home (same as 自分の家 (じぶんのいえ)),N2,자기 집(自分の家(じぶんのいえ)과 동일)
下町,したまち,old parts of town,N2,도시의 오래된 부분
自治,じち,"self-government, autonomy",N2,"자치, 자치"
室～,しつ～,room,N2,방
実感,じっかん,"feelings, realization",N2,"감정, 깨달음"
湿気,しっき,"moisture, humidity, dampness",N2,"습기, 습기, 습기"
しつこい,しつこい,"insistent, obstinate",N2,"끈질긴, 완고한"
実習,じっしゅう,"practice, training",N2,"연습, 훈련"
実績,じっせき,"achievements, actual results",N2,"성과, 실제 결과"
湿度,しつど,level of humidity,N2,습도 수준
執筆,しっぴつ,writing,N2,글쓰기
実物,じつぶつ,an actual thing,N2,실제적인 것
しっぽ,しっぽ,tail (animal),N2,꼬리 (동물)
実用,じつよう,"practical use, utility",N2,"실용성, 유용성"
実力,じつりょく,"(real) ability, true strength, merit, efficiency, competency",N2,"(실제) 능력, 진정한 강점, 장점, 효율성, 역량"
実例,じつれい,"example, instance",N2,"예, 인스턴스"
しつれいしました (かん),しつれいしました (かん),"Excuse me., I'm sorry.",N2,"죄송합니다., 죄송합니다."
失恋,しつれん,"broken heart, unrequited love",N2,"상한 마음, 짝사랑"
指定,してい,"designation, specification, assignment",N2,"지정, 사양, 할당"
私鉄,してつ,private railway,N2,민간 철도
児童,じどう,"children, juvenile",N2,"어린이, 청소년"
縛る,しばる,"to tie, to bind",N2,"묶다, 묶다"
地盤,じばん,(the) ground,N2,(그) 땅
しびれる,しびれる,to become numb,N2,마비되다
紙幣,しへい,"paper money, notes, bills",N2,"지폐, 지폐, 지폐"
しぼむ,しぼむ,"to wither, to shrivel",N2,"시들다, 오그라들다"
萎む,しぼむ,"to wither (of flowers, dreams, etc.), to wilt",N2,"(꽃, 꿈 등이) 시들다, 시들다"
絞る,しぼる,"to press, to wring, to squeeze",N2,"누르다, 짜내다, 짜내다"
縞,しま,stripe,N2,줄무늬
地味,じみ,"plain, simple, subdued, sober",N2,"평범하다, 단순하다, 차분하다, 차분하다"
しみじみ,しみじみ,"keenly, deeply, heartily",N2,"열심히, 깊게, 진심으로"
氏名,しめい,full name,N2,이름
締切,しめきり,deadline,N2,사선
締め切り,しめきり,"deadline, closing, cut-off, end",N2,"마감, 마감, 중단, 종료"
締め切る,しめきる,"to close, cancel",N2,"닫다, 취소하다"
しめた (かん),しめた (かん),"I've got it, all right, fine",N2,"난 그걸 갖고 있어, 알았어, 알았어"
しめる,しめる,"to be wet, to become wet, to be damp",N2,"젖다, 젖다, 축축해지다"
地面,じめん,"ground, earth's surface",N2,"땅, 지표면"
ジャーナリスト,ジャーナリスト,journalist,N2,기자
社会科学,しゃかいかがく,social science,N2,사회 과학
しゃがむ,しゃがむ,to squat,N2,쪼그리고 앉다
蛇口,じゃぐち,"faucet, tap",N2,"수도꼭지, 꼭지"
弱点,じゃくてん,"weak point, weakness",N2,"약점, 약점"
車庫,しゃこ,"garage, car shed",N2,"차고, 차고"
車掌,しゃしょう,(train) conductor,N2,(열차) 차장
写生,しゃせい,"sketching, drawing from nature",N2,"스케치, 자연에서 그림 그리기"
社説,しゃせつ,editorial,N2,사설
しゃっくり,しゃっくり,"hiccough, hiccup",N2,"딸꾹질, 딸꾹질"
シャッター,シャッター,shutter,N2,셔터
しゃぶる,しゃぶる,"to suck, to chew",N2,"빨다, 씹다"
車輪,しゃりん,(car) wheel,N2,(자동차) 바퀴
洒落,しゃれ,"joke, pun, witticism",N2,"농담, 말장난, 재치"
じゃんけん,じゃんけん,rock-scissors-paper game,N2,가위바위보 종이 게임
重～,じゅう～,heavy ~,N2,무겁다 ~
集会,しゅうかい,"meeting, assembly",N2,"회의, 집회"
住居,じゅうきょ,"dwelling, house, residence, address",N2,"거주지, 집, 거주지, 주소"
集金,しゅうきん,money collection,N2,돈 수집
集合,しゅうごう,"gathering, assembly",N2,"모임, 집회"
習字,しゅうじ,penmanship,N2,서법
修繕,しゅうぜん,"repair, mending",N2,"수리, 수선"
重体,じゅうたい,"serious condition, critical condition",N2,"심각한 상태, 심각한 상태"
じゅうたん (カーペット),じゅうたん (カーペット),carpet,N2,양탄자
終点,しゅうてん,"terminus, last stop (e.g train)",N2,"종착역, 종착역(예: 기차)"
重点,じゅうてん,"important point, lay stress on, emphasis",N2,"중요한 점, 강조하다, 강조하다"
就任,しゅうにん,"inauguration, assumption of office",N2,"취임식, 취임식"
周辺,しゅうへん,"circumference, peripheral",N2,"원주, 주변"
重役,じゅうやく,"director, high executive",N2,"이사, 고위 간부"
終了,しゅうりょう,"end, close, termination",N2,"종료, 종료, 종료"
重量,じゅうりょう,heavyweight,N2,헤비급 선수
重力,じゅうりょく,gravity,N2,중력
熟語,じゅくご,"idiom, kanji compound",N2,"관용어, 한자 합성어"
祝日,しゅくじつ,national holiday,N2,공휴일
縮小,しゅくしょう,"reduction, curtailment",N2,"감소, 축소"
受験,じゅけん,taking an examination,N2,시험을 치르다
主語,しゅご,(gram) subject,N2,(그램) 주제
主人,しゅじん,(one's own) husband,N2,(자신의) 남편
出勤,しゅっきん,"going to work, at work",N2,"출근하다, 출근하다"
述語,じゅつご,predicate,N2,술부
出張,しゅっちょう,"official tour, business trip",N2,"공식 투어, 출장"
寿命,じゅみょう,life span,N2,수명
主役,しゅやく,leading part,N2,주요 부분
受話器,じゅわき,(telephone) receiver,N2,(전화) 수화기
循環,じゅんかん,"circulation, rotation, cycle",N2,"순환, 회전, 주기"
巡査,じゅんさ,policeman,N2,경관
順々,じゅんじゅん,"in order, in turn",N2,순서대로
順序,じゅんじょ,"order, sequence, procedure",N2,"순서, 순서, 절차"
純情,じゅんじょう,pure heart,N2,순수한 마음
純粋,じゅんすい,"pure, genuine, unmixed",N2,"순수한, 진실한, 섞이지 않은"
初～,しょ～,first ~,N2,먼저 ~
諸～,しょ～,various ~,N2,다양한 ~
女～,じょ～,things done by women,N2,여자가 하는 일
省～,しょう～,economizing ~,N2,~을 절약하다
消化,しょうか,digestion,N2,소화
小学生,しょうがくせい,elementary school pupil,N2,초등학생
しょうがない,しょうがない,It is not worth ~,N2,가치가 없어 ~
将棋,しょうぎ,Japanese chess,N2,일본 체스
蒸気,じょうき,"steam, vapor",N2,"증기, 증기"
定規,じょうぎ,(measuring) ruler,N2,(측정) 자
上級,じょうきゅう,"advanced level, high grade, senior",N2,"고급, 상급, 상급"
商業,しょうぎょう,"commerce, trade, business",N2,"상업, 무역, 사업"
消極的,しょうきょくてき,passive,N2,수동적인
賞金,しょうきん,"prize, monetary award",N2,"상금, 금전적 보상"
上下,じょうげ,"high and low, up and down",N2,"높고 낮음, 위 아래"
障子,しょうじ,paper sliding door,N2,종이 미닫이 문
商社,しょうしゃ,trading company,N2,무역 회사
乗車,じょうしゃ,"taking a train, entraining",N2,"기차를 타다, 연행하다"
上旬,じょうじゅん,first 10 days of month,N2,매월 첫 10일
小数,しょうすう,"fraction (part of), decimal",N2,"분수(부분), 소수"
生ずる,しょうずる,"to cause, to arise, to be generated",N2,"발생시키다, 발생시키다, 발생시키다"
商店,しょうてん,"shop, business firm",N2,"상점, 회사"
焦点,しょうてん,"focus, point",N2,"초점, 포인트"
消毒,しょうどく,disinfection,N2,소독
勝敗,しょうはい,"victory or defeat, issue (of battle)",N2,"승리 또는 패배, 문제 (전투의)"
蒸発,じょうはつ,evaporation; unexplained disappearance,N2,증발; 설명할 수 없는 실종
賞品,しょうひん,"prize, trophy",N2,"상금, 트로피"
上品,じょうひん,"refined, elegant, well-mannered",N2,"세련된, 우아한, 예의바른"
勝負,しょうぶ,"victory or defeat, game",N2,"승리 또는 패배, 게임"
小便,しょうべん,"(col) urine, piss",N2,"(col) 소변, 오줌"
消防署,しょうぼうしょ,fire station,N2,소방서
正味,しょうみ,net (weight),N2,순(중량)
正面,しょうめん,front,N2,앞쪽
消耗,しょうもう,"exhaustion, consumption",N2,"피로, 소비"
省略,しょうりゃく,"omission, abbreviation, abridgment",N2,"생략, 약어, 요약"
初級,しょきゅう,elementary level,N2,초등 수준
助教授,じょきょうじゅ,assistant professor,N2,조교수
食塩,しょくえん,table salt,N2,식탁용 소금
職人,しょくにん,"artisan, craftsman",N2,"장인, 장인"
職場,しょくば,workplace,N2,직장
初旬,しょじゅん,first 10 days of the month,N2,매월 첫 10일
書籍,しょせき,"book, publication",N2,"책, 출판"
食器,しょっき,tableware,N2,식기
ショップ,ショップ,a shop,N2,가게
書店,しょてん,bookshop,N2,서점
書道,しょどう,calligraphy,N2,달필
初歩,しょほ,"elements, rudiments",N2,"요소, 기초"
白髪,しらが,"white or grey hair, trendy hair bleaching",N2,"흰색 또는 회색 머리, 트렌디한 모발 탈색"
シリーズ,シリーズ,series,N2,시리즈
知り合い,しりあい,acquaintance,N2,아는 사람
私立,しりつ,private (establishment),N2,사설)
資料,しりょう,"materials, data",N2,"재료, 데이터"
汁,しる,"juice, soup",N2,"주스, 수프"
素人,しろうと,"layman, amateur, novice",N2,"평신도, 아마추어, 초보자"
しわ (かおの～),しわ (かおの～),"wrinkles, creases",N2,"주름, 주름"
芯,しん,"core, heart, wick",N2,"코어, 하트, 심지"
新幹線,しんかんせん,"Shinkansen, ""Bullet Train""",N2,신칸센 '신칸센'
真空,しんくう,vacuum,N2,진공
人事,じんじ,"human resources, personnel management",N2,"인사, 인사관리"
心身,しんしん,mind and body,N2,마음과 몸
信ずる,しんずる,to believe,N2,믿다
申請,しんせい,"application, request, petition",N2,"신청, 요청, 청원"
人造,じんぞう,"man-made, synthetic, artificial",N2,"인공의, 합성의, 인공의"
寝台,しんだい,bed,N2,침대
診断,しんだん,diagnosis,N2,진단
侵入,しんにゅう,"invasion, raid, trespass",N2,"침입, 습격, 무단 침입"
人文科学,じんぶんかがく,"social sciences, humanities",N2,"사회과학, 인문학"
人命,じんめい,(human) life,N2,(인간) 생명
深夜,しんや,late at night,N2,늦은 밤
森林,しんりん,"forest, woods",N2,"숲, 숲"
親類,しんるい,relative(s) (same as 親戚 (しんせき)),N2,친척(親戚(しんせki)와 동일)
針路,しんろ,"course, direction",N2,"코스, 방향"
神話,しんわ,"myth, legend",N2,"신화, 전설"
酢,す,vinegar,N2,식초
水産,すいさん,"marine products, fisheries",N2,"수산물, 수산물"
炊事,すいじ,cooking,N2,요리
水蒸気,すいじょうき,"water vapor, steam",N2,"수증기, 증기"
水素,すいそ,hydrogen,N2,수소
垂直,すいちょく,"vertical, perpendicular",N2,"수직, 수직"
推定,すいてい,"presumption, assumption, estimation",N2,"추정, 가정, 추정"
水滴,すいてき,drop of water,N2,물방울
水筒,すいとう,"canteen, flask, water bottle",N2,"매점, 플라스크, 물병"
随筆,ずいひつ,"essays, miscellaneous writings",N2,"에세이, 각종 저서"
水分,すいぶん,moisture,N2,수분
水平,すいへい,"level, horizontal",N2,"레벨, 수평"
水平線,すいへいせん,horizon,N2,수평선
水面,すいめん,water's surface,N2,물의 표면
水曜,すいよう,Wednesday,N2,수요일
図々しい,ずうずうしい,"impudent, shameless",N2,"뻔뻔한, 뻔뻔한"
ずうっと,ずうっと,"all the time, all the way",N2,"항상, 끝까지"
末っ子,すえっこ,youngest child,N2,막내
スカーフ,スカーフ,scarf,N2,스카프
図鑑,ずかん,picture book,N2,그림책
隙,すき,"unguarded moment, chance",N2,"방심하지 않은 순간, 기회"
杉,すぎ,Japanese cedar,N2,삼나무
好き嫌い,すききらい,"likes and dislikes, taste",N2,"좋아하는 것과 싫어하는 것, 맛"
好き好き,すきずき,matter of taste,N2,취향의 문제
透き通る,すきとおる,to be(come) transparent,N2,투명해지다
隙間,すきま,"crack, gap, opening",N2,"균열, 틈, 틈"
スクール,スクール,school,N2,학교
少なくとも,すくなくとも,at least,N2,적어도
図形,ずけい,figure,N2,수치
鈴,すず,bell,N2,벨
涼む,すずむ,"to cool oneself, to cool off",N2,"몸을 식히다, 몸을 식히다"
スタート,スタート,start,N2,시작
スチュワーデス,スチュワーデス,stewardess,N2,스튜어디스
すっきり,すっきり,"shapely, clear, neat",N2,"매끈한, 맑고, 깔끔한"
ステージ,ステージ,stage; performance,N2,단계; 성능
ストッキング,ストッキング,stockings,N2,스타킹
ストップ,ストップ,stop,N2,멈추다
素直,すなお,"obedient, meek, docile",N2,"순종적인, 온유한, 유순한"
頭脳,ずのう,"head, brains, intellect",N2,"머리, 두뇌, 지성"
スピーカー,スピーカー,speaker,N2,스피커
図表,ずひょう,"chart, diagram, graph",N2,"차트, 도표, 그래프"
スマート,スマート,"smart, stylish, slim",N2,"똑똑하다, 스타일리시하다, 날씬하다"
住まい,すまい,"dwelling, house",N2,주택
すまない,すまない,sorry (phrase),N2,죄송합니다 (문구)
相撲,すもう,sumo wrestling,N2,스모 레슬링
スライド,スライド,slide,N2,슬라이드
ずらす,ずらす,"to put off, to delay",N2,"연기하다, 지연시키다"
ずらり,ずらり,"in a line, in a row",N2,"줄줄이, 줄줄이"
スリッパ,スリッパ,slippers,N2,슬리퍼
する,する,to print,N2,인쇄하다
狡い,ずるい,"sly, cunning",N2,"교활한, 교활한"
寸法,すんぽう,"measurement, size, dimension",N2,"측정, 크기, 차원"
姓,せい,"surname, family name",N2,"성, 성"
税関,ぜいかん,customs,N2,세관
製作,せいさく,"manufacture, production",N2,"제조, 생산"
制作,せいさく,"work (e.g., film, book)",N2,"작품(예: 영화, 책)"
性質,せいしつ,"nature, property, disposition",N2,"성격, 재산, 처분"
清書,せいしょ,clean copy,N2,깨끗한 사본
青少年,せいしょうねん,"youth, young person",N2,"젊음, 젊은 사람"
整数,せいすう,integer,N2,정수
清掃,せいそう,cleaning,N2,청소
生存,せいぞん,"existence, being, survival",N2,"존재, 존재, 생존"
生長,せいちょう,growth (of a plant),N2,(식물의) 성장
政党,せいとう,(member of) political party,N2,(당원) 정당
生年月日,せいねんがっぴ,date of birth,N2,생일
性能,せいのう,"ability, capability",N2,"능력, 능력"
整備,せいび,"maintenance, overhaul",N2,"유지 보수, 정밀 검사"
成分,せいぶん,"ingredient, component, composition",N2,"성분, 성분, 성분"
性別,せいべつ,"sex, gender",N2,"성별, 성별"
正方形,せいほうけい,square,N2,정사각형
正門,せいもん,"main gate, main entrance",N2,"정문, 정문"
成立,せいりつ,"formation, establishment, completion",N2,"형성, 설립, 완성"
西暦,せいれき,"Christian Era, after (Christ’s) death (A.D.)",N2,"기독교 시대, (그리스도의) 죽음 이후(A.D.)"
背負う,せおう,to be burdened with; to carry on (one's) back or shoulder(s),N2,부담을 느끼다; 등이나 어깨를 짊어지다
赤道,せきどう,equator,N2,적도
折角,せっかく,"with trouble, at great pains, long-awaited",N2,"수고하고, 애쓰고, 오랫동안 기다려온"
接近,せっきん,"getting closer, drawing nearer, approaching",N2,"가까워지다, 가까워지다, 가까워지다"
接する,せっする,to attend to (someone); to associate with,N2,(누군가)에게 참석하다; ~와 연합하다
せっせと,せっせと,"busily, away",N2,"바쁘게, 떨어져"
接続,せつぞく,"connection, union, join, link; changing trains",N2,"연결, 결합, 결합, 링크; 열차를 갈아타다"
瀬戸物,せともの,"earthenware, crockery, china",N2,"토기, 그릇, 중국"
ぜひとも,ぜひとも,by all means (with sense of not taking 'no' for an answer),N2,꼭 (답을 '아니오'로 받아들이지 않는다는 의미에서)
迫る,せまる,"to draw near, to press",N2,"가까이 다가가다, 누르다"
ゼミ,ゼミ,seminar,N2,세미나
せめて,せめて,at least,N2,적어도
攻める,せめる,"to attack, to assault, to assail",N2,"공격하다, 공격하다, 폭행하다"
セメント,セメント,cement,N2,시멘트
台詞,せりふ,"speech, words, one's lines, remarks",N2,"말, 말, 대사, 발언"
栓,せん,"stopper, cork, stopcock",N2,"마개, 코르크, 마개"
前～,ぜん～,"former, late ~, past ~",N2,"이전, 늦은 ~, 과거 ~"
前後,ぜんご,"front and back, before and after",N2,"앞과 뒤, 전후"
洗剤,せんざい,"detergent, cleanser, cleaning agent, washing material",N2,"세제, 클렌저, 세척제, 세탁재료"
全集,ぜんしゅう,complete works,N2,완전한 작품
全身,ぜんしん,"whole (body), full-length (e.g., portrait) systemic",N2,"전체(신체), 전체 길이(예: 세로) 전신"
扇子,せんす,folding fan,N2,부채
専制,せんせい,"despotism, autocracy",N2,"전제정치, 독재정치"
先々月,せんせんげつ,month before last,N2,지난 한 달 전
先々週,せんせんしゅう,2 weeks before,N2,2주 전
先祖,せんぞ,ancestor,N2,선조
先端,せんたん,"pointed end, tip",N2,"끝이 뾰족하다, 끝이 뾰족하다"
センチ,センチ,centimeter,N2,센티미터
宣伝,せんでん,"publicity, advertisement, advertising, propaganda",N2,"홍보, 광고, 광고, 선전"
先頭,せんとう,"head, lead, vanguard",N2,"머리, 선두, 선봉대"
全般,ぜんぱん,"(the) whole, general",N2,"(the) 전체, 일반적인"
扇風機,せんぷうき,electric fan,N2,선풍기
洗面,せんめん,"wash up (one's face), have a wash",N2,"(얼굴을) 씻다, 씻다"
全力,ぜんりょく,"all one's power, whole energy",N2,"자신의 모든 힘, 온 힘을 다해"
線路,せんろ,"line, track, roadbed",N2,"선, 선로, 노반"
総～,そう～,"gross, general, entire",N2,"총체적, 일반, 전체"
相違,そうい,"difference, discrepancy, variation",N2,"차이점, 불일치, 변형"
そういえば,そういえば,which reminds me ..,N2,나에게 생각나는 ..
雑巾,ぞうきん,"house-cloth, dust cloth",N2,"집수건, 먼지걸레"
増減,ぞうげん,"increase and decrease, fluctuation",N2,"증가 및 감소, 변동"
倉庫,そうこ,"storehouse, warehouse",N2,"창고, 창고"
相互,そうご,"mutual, reciprocal",N2,"상호적인, 상호적인"
創作,そうさく,"production, creation, work",N2,"생산, 창조, 일"
葬式,そうしき,funeral,N2,장례식
造船,ぞうせん,shipbuilding,N2,조선
騒々しい,そうぞうしい,"noisy, boisterous",N2,"시끄러운, 떠들썩한"
増大,ぞうだい,"increase, growth",N2,"증가, 성장"
そうっと,そうっと,"softly, cautiously, gently",N2,"부드럽게, 조심스럽게, 부드럽게"
送別,そうべつ,"farewell, send-off",N2,"작별 인사, 송별"
草履,ぞうり,Japanese sandals (footwear),N2,일본식 샌들(신발)
総理大臣,そうりだいじん,Prime Minister,N2,총리
送料,そうりょう,"postage, carriage",N2,"우편요금, 운송료"
属する,ぞくする,"to belong to, to come under",N2,"속하다, 속하다"
続々,ぞくぞく,"successively, one after another",N2,"차례로, 차례대로"
速達,そくたつ,"express, special delivery",N2,"특급, 특별 배송"
測定,そくてい,measurement,N2,측정
測量,そくりょう,"measurement, surveying",N2,"측정, 측량"
速力,そくりょく,speed,N2,속도
素質,そしつ,"talent, capability",N2,"재능, 능력"
祖先,そせん,ancestor(s),N2,부조
そそっかしい,そそっかしい,"careless, thoughtless",N2,"부주의한, 생각이 없는"
卒直,そっちょく,"frank, candid, honest",N2,"솔직한, 솔직한, 솔직한"
率直,そっちょく,"frank, candid, straightforward, openhearted, direct, outspoken",N2,"솔직하다, 솔직하다, 솔직하다, 개방적이다, 직접적이다, 솔직하다"
そのころ,そのころ,"in those days, at that time, then",N2,"그때, 그때, 그때"
そのため,そのため,"hence, for that reason",N2,"그러므로, 그런 이유로"
その他,そのほか,besides,N2,게다가
そば,そば,soba (buckwheat noodles),N2,소바(메밀국수)
剃る,そる,to shave,N2,면도하다
それなのに,それなのに,"though, although",N2,"그래도, 그래도"
それなら,それなら,"If that's the case..., If so..., That being the case...",N2,"그렇다면..., 그렇다면..., 그렇다면..."
それはいけませんね (かん),それはいけませんね (かん),that's not good,N2,그건 좋지 않아
逸れる,それる,"to stray (turn) from subject, to go astray",N2,"주제에서 벗어나다(방향을 바꾸다), 길을 잃다"
揃える,そろえる,"to collect, to gather, to get together, to complete (a collection) to arrange, to put in order, to prepare, to get ready to make uniform, to make even, to match",N2,"모으다, 모으다, 모으다, 완성하다(수집물)를 정리하다, 정리하다, 준비하다, 유니폼을 만들 준비를 하다, 고르게 하다, 일치시키다"
算盤,そろばん,abacus,N2,주판
存じる,ぞんじる,(humble) to know,N2,(겸손하게) 알고 있다
存ずる,ぞんずる,(humble) to know,N2,(겸손하게) 알고 있다
損得,そんとく,"loss and gain, advantage and disadvantage",N2,"손실과 이득, 장점과 단점"
第～,だい～,~th,N2,~일
タイア,タイア,"tire, tyre",N2,"타이어, 타이어"
だいいち (とりわけ),だいいち (とりわけ),"first, foremost,&nbsp;&nbsp;#1",N2,"우선,&nbsp;&nbsp;#1"
大学院,だいがくいん,graduate school,N2,대학원
大工,だいく,carpenter,N2,목수
体系,たいけい,"system, organization",N2,"시스템, 조직"
太鼓,たいこ,"drum, tambourine",N2,"드럼, 탬버린"
対策,たいさく,"counter-plan, counter-measure",N2,"대책, 대책"
大して,たいして,"(not so) much, (not) very",N2,"(별로) 별로, (별로) 별로"
対照,たいしょう,"contrast, antithesis, comparison",N2,"대조, 대조, 비교"
大小,だいしょう,size,N2,크기
体制,たいせい,"order, system, structure",N2,"질서, 시스템, 구조"
体積,たいせき,"capacity, volume",N2,"용량, 볼륨"
大層,たいそう,"very much, greatly",N2,"매우, 크게"
体操,たいそう,"gymnastics, physical exercises, calisthenics",N2,"체조, 신체 운동, 미용 체조"
大分,だいぶん,"considerably, greatly, a lot",N2,"상당히, 크게, 많이"
大木,たいぼく,large tree,N2,큰 나무
題名,だいめい,"title, caption, heading",N2,"제목, 캡션, 표제"
代名詞,だいめいし,pronoun,N2,대명사
ダイヤグラム,ダイヤグラム,diagram,N2,도표
ダイヤモンド,ダイヤモンド,diamond,N2,다이아몬드
ダイヤル,ダイヤル,dial,N2,다이얼
対立,たいりつ,"confrontation, opposition, antagonism",N2,"대결, 반대, 반목"
田植え,たうえ,rice planting,N2,모내기
絶えず,たえず,constantly,N2,끊임없이
楕円,だえん,ellipse,N2,타원
高める,たかめる,"to raise, to lift, to boost, to enhance",N2,"높이다, 끌어올리다, 향상시키다, 향상시키다"
耕す,たがやす,"to till, to plow, to cultivate",N2,"경작하다, 경작하다, 경작하다"
滝,たき,waterfall,N2,폭포
蓄える,たくわえる,"to save, to store, to lay in stock",N2,"저장하다, 보관하다, 재고로 두다"
竹,たけ,bamboo,N2,대나무
ただいま,ただいま,"Here I am, I'm home!",N2,"여기 있어요, 집에 왔어요!"
但し,ただし,"but, however, provided that",N2,그러나 그러나
畳む,たたむ,"to fold (e.g., clothes, umbrella)",N2,"접다 (예: 옷, 우산)"
立ち止まる,たちどまる,"to stop, to halt, to stand still",N2,"멈추다, 멈추다, 가만히 서다"
たちまち,たちまち,"instantly, suddenly, all at once",N2,"즉시, 갑자기, 한꺼번에"
建つ,たつ,"to be erected, to be built",N2,"건립되다, 건설되다"
脱線,だっせん,"derailment, digression",N2,"탈선, 이탈"
妥当,だとう,"proper, appropriate",N2,"적절한, 적절한"
例える,たとえる,"to compare, to liken",N2,"비교하다, 비유하다"
頼もしい,たのもしい,"reliable, promising",N2,"신뢰할 수 있는, 유망한"
足袋,たび,"tabi, Japanese socks (with split toe)",N2,"버선, 일본식 양말(발가락이 갈라진 것)"
ダブル,ダブル,double,N2,더블
ダム,ダム,dam,N2,댐
溜息,ためいき,a sigh,N2,한숨
ためらう,ためらう,to be hesitant,N2,주저하다
だらしない,だらしない,"slovenly, loose, a slut",N2,"지저분한, 느슨한, 창녀"
足る,たる,"to be sufficient, to be enough",N2,"충분하다, 충분하다"
短～,たん～,short ~,N2,짧다 ~
段階,だんかい,"gradation, grade, stage",N2,"그라데이션, 등급, 스테이지"
短期,たんき,short term,N2,단기
炭鉱,たんこう,"coal mine, coal pit",N2,"탄광, 석탄 구덩이"
短所,たんしょ,"defect, weak point; disadvantage",N2,"결함, 약점; 불리"
たんす,たんす,chest of drawers,N2,서랍장
淡水,たんすい,fresh water,N2,민물
断水,だんすい,water outage,N2,단수
単数,たんすう,singular (number),N2,단수(숫자)
団地,だんち,housing complex,N2,주택단지
断定,だんてい,"conclusion, decision",N2,"결론, 결정"
短編,たんぺん,"short (e.g., story, film)",N2,"단편(예: 소설, 영화)"
田ぼ,たんぼ,"paddy field, farm",N2,"논, 농장"
誓う,ちかう,"to swear, to vow",N2,"맹세하다, 맹세하다"
地下水,ちかすい,underground water,N2,지하수
近々,ちかぢか,"soon, before long",N2,"곧, 머지않아"
近付ける,ちかづける,"to bring near, to put close, to let come near",N2,"가까이 가다, 가까이 가다, 가까이 가다"
近寄る,ちかよる,"to approach, to draw near",N2,"접근하다, 가까이 다가가다"
力強い,ちからづよい,"powerful, strong, vigorous",N2,"강력한, 강한, 활발한"
ちぎる,ちぎる,"to cut up fine, to pick (fruit)",N2,"잘게 자르다, (과일을) 따다"
地質,ちしつ,geological features,N2,지질학적 특징
知人,ちじん,"friend, acquaintance",N2,"친구, 지인"
地帯,ちたい,"area, zone",N2,"지역, 구역"
縮む,ちぢむ,"to shrink, to be contracted",N2,"수축하다, 위축되다"
縮める,ちぢめる,"to shorten, to reduce, to shrink",N2,"단축하다, 축소하다, 축소하다"
縮れる,ちぢれる,"to be wavy, to be curled",N2,"물결 모양이 되다, 구불구불해지다"
チップ,チップ,"gratuity, tip; chip",N2,"팁, 팁; 칩"
地点,ちてん,"site, point on a map",N2,"사이트, 지도에 점을 찍다"
地名,ちめい,place name,N2,지명
茶色い,ちゃいろい,brown,N2,갈색
着々,ちゃくちゃく,steadily,N2,꾸준히
中間,ちゅうかん,"middle, midway, interim",N2,"중간, 중간, 중간"
中旬,ちゅうじゅん,second third of a month,N2,매월 둘째/삼분의 일
抽象,ちゅうしょう,abstract,N2,추상적인
中世,ちゅうせい,"Middle Ages, medieval times",N2,"중세 시대, 중세 시대"
中性,ちゅうせい,"neuter gender, neutral",N2,"중성, 중립"
中途,ちゅうと,"in the middle, half-way",N2,"중간에, 반쯤"
中年,ちゅうねん,middle-aged,N2,중년의
チョーク,チョーク,chalk,N2,분필
長～,ちょう～,long ~,N2,길다 ~
超過,ちょうか,"excess, being more than",N2,"과잉, 그 이상"
彫刻,ちょうこく,"carving, engraving, sculpture",N2,"조각하다, 조각하다, 조각하다"
長所,ちょうしょ,"strong point, merit; advantage",N2,"장점, 장점; 이점"
長女,ちょうじょ,eldest daughter,N2,큰 딸
調整,ちょうせい,"regulation, adjustment, tuning",N2,"규제, 조정, 튜닝"
調節,ちょうせつ,"regulation, adjustment, control",N2,"규제, 조정, 통제"
長短,ちょうたん,"length, long and short, +-",N2,"길이, 길고 짧음, +-"
頂点,ちょうてん,"top, summit",N2,"정상, 정상"
長男,ちょうなん,eldest son,N2,장남
長方形,ちょうほうけい,"rectangle, oblong",N2,"직사각형, 직사각형"
調味料,ちょうみりょう,"condiment, seasoning",N2,"조미료, 조미료"
直後,ちょくご,immediately following,N2,바로 다음
直線,ちょくせん,straight line,N2,일직선
直前,ちょくぜん,just before,N2,직전에
直通,ちょくつう,direct connection,N2,직접 연결
直流,ちょくりゅう,direct current,N2,직류
貯蔵,ちょぞう,"storage, preservation",N2,"저장, 보존"
直角,ちょっかく,right angle,N2,직각
直径,ちょっけい,diameter,N2,지름
散らかす,ちらかす,"to scatter around, to leave untidy",N2,"흩어지게 하다, 어수선하게 방치하다"
散らかる,ちらかる,to be in disorder,N2,무질서하다
塵紙,ちりがみ,"tissue paper, toilet paper",N2,"티슈 페이퍼, 화장지"
追加,ついか,"addition, supplement, appendix",N2,"추가, 보충, 부록"
ついで,ついで,"opportunity, occasion",N2,"기회, 기회"
つうか,つうか,currency,N2,통화
通勤,つうきん,commuting to work,N2,직장으로 통근
通ずる,つうずる,"to lead, to run, to open",N2,"이끌다, 달리다, 열다"
通知,つうち,"notice, notification",N2,"통지, 통지"
通帳,つうちょう,bankbook,N2,은행 통장
通訳,つうやく,"interpretation (i.e., oral translation) interpreter",N2,"통역(즉, 구두 번역) 통역사"
通用,つうよう,"popular use, circulation",N2,"대중적인 사용, 유통"
通路,つうろ,"passage, pathway",N2,"통로, 통로"
突き当たり,つきあたり,"end (e.g., of street)",N2,끝(예: 거리)
突き当たる,つきあたる,"to run into, to collide with",N2,"부딪히다, 충돌하다"
月日,つきひ,"time, years, days",N2,"시간, 년, 일"
次ぐ,つぐ,"to follow, to come after, to come next (to)",N2,"따르다, 뒤따라오다, 다음에 오다(~에)"
伝わる,つたわる,"to spread (of a rumor, news, etc.), to travel, to circulate, to go around, to be passed around, to become known",N2,"(소문, 뉴스 등을) 퍼뜨리다, 여행하다, 유포하다, 돌아다니다, 전달하다, 알려지다"
突っ込む,つっこむ,"to plunge into, to stick into",N2,"뛰어들다, 푹 빠져들다"
務める,つとめる,"to serve, to act",N2,"봉사하다, 행동하다"
努める,つとめる,"to try, to aim",N2,"시도하다, 목표로 삼다"
綱,つな,rope,N2,로프
繋がり,つながり,"connection, link, relationship",N2,"연결, 링크, 관계"
繋がる,つながる,"to be tied together, to be connected to, to be linked to",N2,"연결되다, 연결되다, 연결되다"
粒,つぶ,grain,N2,곡물
潰す,つぶす,"to smash, to waste",N2,"부수다, 낭비하다"
潰れる,つぶれる,"to be smashed, to go bankrupt",N2,"박살나다, 파산하다"
つまずく,つまずく,"to stumble, to trip",N2,"넘어지다, 넘어지다"
躓く,つまずく,"to trip (over), to stumble",N2,"넘어지다(넘어지다), 걸려 넘어지다"
詰まる,つまる,"to be blocked, to be packed",N2,"봉쇄하다, 봉쇄하다"
積む,つむ,"to pile up, to stack",N2,"쌓다, 쌓다"
爪,つめ,fingernail or toenail,N2,손톱이나 발톱
艶,つや,"gloss, glaze",N2,"광택, 유약"
強気,つよき,"firm, strong",N2,"확고한, 강한"
釣り合う,つりあう,"to balance, to be in harmony, to suit",N2,"균형을 이루다, 조화를 이루다, 조화를 이루다"
吊る,つる,to hang,N2,매달다
吊す,つるす,to hang,N2,매달다
テーマ,テーマ,"theme, project, topic (GER: Thema)",N2,"테마, 프로젝트, 주제(GER: Thema)"
手洗い,てあらい,"restroom, lavatory",N2,"화장실, 화장실"
低～,てい～,low ~,N2,낮음 ~
定員,ていいん,"fixed number of regular personnel, capacity (e.g., of boat)",N2,"고정된 정규 직원 수, 수용 능력(예: 보트)"
定価,ていか,established price,N2,확립된 가격
低下,ていか,"fall, decline",N2,"떨어지다, 쇠퇴하다"
定期券,ていきけん,"commuter pass, season ticket",N2,"정기권, 정기권"
定休日,ていきゅうび,regular holiday,N2,정기휴일
停止,ていし,"suspension, interruption, stoppage",N2,"중단, 중단, 중지"
停車,ていしゃ,"stopping (e.g., train)",N2,정차(예: 기차)
停電,ていでん,"power outage, electricity outage, blackout",N2,"정전, 정전, 정전"
出入り,でいり,"in and out, coming and going",N2,"들어오고 나가고, 들어오고 나가고"
出入口,でいりぐち,exit and entrance,N2,출구와 입구
出入り口,でいりぐち,exit and entrance,N2,출구와 입구
手入れ,ていれ,"repairs, maintenance",N2,"수리, 유지 보수"
出来上がり,できあがり,"be finished, ready",N2,"끝나다, 준비되다"
出来上がる,できあがる,"to be finished, to be ready",N2,"마치다, 준비하다"
的確,てきかく,"precise, accurate",N2,"정확하다, 정확하다"
適確,てきかく,"precise, accurate",N2,"정확하다, 정확하다"
手首,てくび,wrist,N2,손목
凸凹,でこぼこ,"unevenness, roughness, ruggedness",N2,"불균일, 거칠기, 거칠기"
手頃,てごろ,"moderate, handy",N2,"보통, 편리한"
手ごろ,てごろ,"handy, convenient suitable, reasoanble, moderate",N2,"편리하다, 편리하다, 적합하다, 합리적이다, 적당하다"
弟子,でし,"pupil, disciple, apprentice",N2,"학생, 제자, 견습생"
でたらめ,でたらめ,"irresponsible utterance, nonsense; random",N2,"무책임한 발언, 넌센스; 무작위의"
手帳,てちょう,notebook,N2,공책
鉄橋,てっきょう,iron bridge,N2,철교
手続き,てつづき,"procedure, (legal) process, formalities",N2,"절차, (법적) 절차, 절차"
鉄砲,てっぽう,gun,N2,총
テニスコート,テニスコート,tennis court,N2,테니스 코트
手拭い,てぬぐい,(hand) towel,N2,(손) 수건
手前,てまえ,"before, this side",N2,전에는 이쪽
出迎え,でむかえ,"meeting, reception",N2,"회의, 리셉션"
出迎える,でむかえる,"to meet, to greet",N2,"만나다, 인사하다"
照らす,てらす,"to shine on, to illuminate",N2,"비추다, 비추다"
照る,てる,to shine,N2,빛나다
展開,てんかい,"develop, expansion (opposite of compression)",N2,"개발, 확장(압축의 반대)"
伝記,でんき,"biography, life story",N2,"전기, 인생 이야기"
電球,でんきゅう,light bulb,N2,전구
点数,てんすう,"marks, points, score",N2,"점수, 점수, 점수"
伝染,でんせん,contagion,N2,전염병
電池,でんち,battery,N2,배터리
電柱,でんちゅう,"telephone pole, telegraph pole, light pole",N2,"전신주, 전신주, 전주"
点々,てんてん,"here and there, little by little",N2,여기 저기 조금씩
転々,てんてん,from one to another,N2,하나에서 다른 것으로
天皇,てんのう,Emperor of Japan,N2,일본의 천황
電波,でんぱ,electro-magnetic wave,N2,전자기파
テンポ,テンポ,tempo,N2,속도
電流,でんりゅう,electric current,N2,전류
電力,でんりょく,electric power,N2,전력
問い合わせ,といあわせ,inquiry,N2,문의
銅,どう,copper,N2,구리
同～,どう～,same ~,N2,같은 ~
どういたしまして (かん),どういたしまして (かん),"you are welcome, don't mention it",N2,"천만에요, 언급하지 마세요"
統一,とういつ,"unity, consolidation, uniformity",N2,"단결, 강화, 통일"
同格,どうかく,"the same rank, equality, apposition",N2,"같은 계급, 평등, 동격"
峠,とうげ,"ridge, (mountain) pass, difficult part",N2,"능선, (산)고개, 어려운 부분"
統計,とうけい,"scattering, a scatter, dispersion",N2,"산란, 산란, 분산"
動作,どうさ,"action, movements, motions",N2,"행동, 움직임, 동작"
東西,とうざい,"East and West, whole country",N2,"동부와 서부, 전국"
当日,とうじつ,"appointed day, very day",N2,"정해진 날, 바로 그 날"
投書,とうしょ,"letter to the editor, letter from a reader, contribution",N2,"편집자에게 보내는 편지, 독자의 편지, 기고"
登場,とうじょう,entry (on stage),N2,입장 (무대 위)
どうせ,どうせ,"anyhow, in any case, at any rate",N2,"어쨌든, 어쨌든, 어쨌든"
灯台,とうだい,lighthouse,N2,등대
盗難,とうなん,"theft, robbery",N2,"절도, 강도"
当番,とうばん,being on duty,N2,근무 중
等分,とうぶん,division into equal parts,N2,동등한 부분으로 나누기
透明,とうめい,"transparency, cleanness",N2,"투명성, 깨끗함"
灯油,とうゆ,"lamp oil, kerosene",N2,"등유, 등유"
東洋,とうよう,"the East, the Orient",N2,"동양, 동양"
童話,どうわ,fairy tale,N2,동화
通り掛かる,とおりかかる,to happen to pass by,N2,우연히 지나가다
溶かす,とかす,"to melt, to dissolve",N2,"녹다, 녹이다"
尖る,とがる,"to taper to a point, to become sharp",N2,"끝으로 가늘어지다, 날카로워지다"
どきどき,どきどき,"throb, beat (fast)",N2,"두근두근, 두드리다 (빠르게)"
特殊,とくしゅ,"special, unique",N2,"특별한, 독특한"
特色,とくしょく,"characteristic, feature",N2,"특징, 특징"
特定,とくてい,"specific, special, particular",N2,"구체적인, 특별한, 특별한"
特売,とくばい,special sale,N2,특별 판매
溶け込む,とけこむ,to melt into; to become a part of,N2,녹아들다; ~의 일부가 되다
溶ける,とける,"(intransitive) to melt, to thaw, to fuse, to dissolve",N2,"(자동사) 녹이다, 녹이다, 융합하다, 용해시키다"
退ける,どける,"to dislodge, to put something out of the way",N2,"쫓아내다, 방해가 되는 것을 없애다"
床の間,とこのま,alcove,N2,반침
所々,ところどころ,"here and there, some parts (of something)",N2,"여기 저기, 어떤 부분"
都心,としん,heart (of city),N2,(도시의) 마음
戸棚,とだな,"cupboard, cabinet",N2,"찬장, 캐비닛"
とっくに,とっくに,"long ago, already, a long time ago",N2,"오래 전에, 이미, 오래 ??전에"
どっと,どっと,suddenly,N2,갑자기
整う,ととのう,"to be prepared, to be in order, to be arranged",N2,"준비하다, 정리하다, 정리하다"
留まる,とどまる,"to be fixed; to abide, to stay (in the one place)",N2,"고쳐질 것; (한 곳에) 머물다, 머물다"
怒鳴る,どなる,"to shout, to yell",N2,"소리 지르다, 소리 지르다"
殿,どの,Mister (mostly in addressing someone on an envelope),N2,아저씨 (주로 봉투에 적힌 사람에게 말을 할 때)
飛び込む,とびこむ,"to jump in, to leap in, to plunge into",N2,"뛰어들다, 뛰어들다, 뛰어들다"
留まる,とまる,"to be fixed; to abide, to stay (in the one place)",N2,"고쳐질 것; (한 곳에) 머물다, 머물다"
泊める,とめる,"to give shelter to, to lodge",N2,"피난처를 제공하다, 숙박하다"
ともかく,ともかく,"anyhow, at any rate, anyway",N2,"어쨌든, 어쨌든, 어쨌든"
捕える,とらえる,"to seize, to capture, to arrest",N2,"붙잡다, 붙잡다, 체포하다"
取り入れる,とりいれる,"to harvest, to take in, to adopt",N2,"수확하다, 받아들이다, 채택하다"
取り消す,とりけす,to cancel,N2,취소하다
取り出す,とりだす,"to take out, to pick out",N2,"꺼내다, 골라내다"
採る,とる,"to adopt (measure, proposal); to pick (fruit)",N2,"(조치, 제안)을 채택하다; (과일을) 따다"
捕る,とる,"to take, to catch (fish)",N2,"(물고기를) 잡다, 잡다"
丼,どんぶり,"porcelain bowl, bowl of rice with food on top",N2,"도자기 그릇, 밥 위에 음식을 얹은 그릇"
内科,ないか,"internist clinic, internal medicine",N2,"내과, 내과"
内線,ないせん,phone extension,N2,내선 번호
ナイロン,ナイロン,nylon,N2,나일론
長～,なが～,long ~,N2,길다 ~
仲直り,なかなおり,"reconciliation, make peace with",N2,"화해하다, 화해하다"
長引く,ながびく,"to be prolonged, to drag on",N2,"연장하다, 끌다"
中身,なかみ,"contents, interior, filling substance, content",N2,"내용물, 내장, 충전재, 내용물"
中指,なかゆび,middle finger,N2,가운데 손가락
仲良し,なかよし,"intimate friend, bosom buddy",N2,"친밀한 친구, 가슴 친구"
慰める,なぐさめる,"to comfort, to console",N2,"위로하다, 위로하다"
殴る,なぐる,"to strike, to hit, to beat, to punch",N2,"때리다, 때리다, 때리다, 때리다, 때리다"
為す,なす,"to accomplish, to do",N2,"성취하다, ~을 하다"
謎謎,なぞなぞ,riddle,N2,수수께끼
傾らか,なだらか,"gradual, gentle",N2,"점진적인, 온화한"
懐かしい,なつかしい,"dear, desired, missed",N2,"친애하는, 원하는, 놓친"
撫でる,なでる,"to brush gently, to stroke",N2,"부드럽게 쓰다듬다, 쓰다듬다"
斜め,ななめ,"diagonal, oblique",N2,"대각선, 비스듬한"
なにしろ,なにしろ,"at any rate, in any case",N2,"어쨌든, 어쨌든"
何しろ,なにしろ,"in any case, at any rate, anyhow, anyway, as you know, for you see, particularly",N2,"어쨌든, 어쨌든, 어쨌든, 당신도 알고 있듯이, 특히,"
何々,なになに,"such and such, What?",N2,"뭐, 뭐?"
何分,なにぶん,"by all means, please",N2,꼭 부탁드립니다
生意気,なまいき,"impertinent, impudent",N2,"무례한, 뻔뻔한"
生意気な,なまいきな,"impertinent, saucy, cheeky, impudent, audacious, cocky, pert, brash",N2,"무례한, 건방진, 건방진, 뻔뻔스러운, 대담한, 건방진, 건방진, 뻔뻔스러운"
並木,なみき,"roadside tree, row of trees",N2,"가로수, 가로수"
倣う,ならう,"to imitate, to follow, to emulate",N2,"모방하다, 따르다, 모방하다"
生る,なる,to bear fruit,N2,열매를 맺다
南極,なんきょく,"south pole, Antarctic",N2,"남극, 남극"
なんとなく,なんとなく,"somehow or other, for some reason or another",N2,"어찌됐든, 어떤 이유로든"
なんとも,なんとも,"nothing (with neg. verb), quite, not a bit",N2,"아무것도 (부정 동사 포함), 꽤, 조금도"
何とも,なんとも,"really, very, extremely, terribly, awfully (not) anything, (not) at all, (not) a bit",N2,"정말, 매우, 극도로, 끔찍하게, 끔찍하게 (아님) 아무것도, (아님) 전혀, (아님) 조금"
ナンバー,ナンバー,number,N2,숫자
南米,なんべい,South America,N2,남아메리카
南北,なんぼく,south and north,N2,남쪽과 북쪽
匂う,におう,"to be fragrant, to smell",N2,"향기가 나다, 냄새가 나다"
逃がす,にがす,"to let loose, to set free, to let escape",N2,"자유롭게 하다, 자유롭게 하다, 도망가게 하다"
憎い,にくい,"hateful, abominable, detestable",N2,"혐오스러운, 혐오스러운, 혐오스러운"
憎む,にくむ,"to hate, to detest",N2,"미워하다, 싫어하다"
憎らしい,にくらしい,"odious, hateful",N2,"혐오스러운, 증오스러운"
にこにこ,にこにこ,"smile sweetly, smiley",N2,"상냥하게 웃어, 스마일"
濁る,にごる,"to become muddy, to get cloudy",N2,"탁해지다, 흐려지다"
虹,にじ,rainbow,N2,무지개
日時,にちじ,date and time,N2,날짜와 시간
日用品,にちようひん,daily necessities,N2,일용품
日課,にっか,"daily work, daily routine",N2,"매일의 일, 일상"
日程,にってい,schedule,N2,일정
鈍い,にぶい,"dull (e.g., a knife), thickheaded, slow (opposite of fast), stupid",N2,"둔한 (예: 칼), 둔감한, 느린 (빠른 것과 반대), 멍청한"
入社,にゅうしゃ,entry to a company,N2,회사에 입사하다
女房,にょうぼう,wife,N2,부인
睨む,にらむ,"to glare at, to stare; to keep an eye on",N2,눈부시게 쳐다보다; 계속 지켜보기 위해
煮る,にる,"to boil, to simmer, to stew, seethe",N2,"끓이다, 끓이다, 찌다, 끓이다"
俄,にわか,"sudden, abrupt, unexpected",N2,"갑작스러운, 갑작스러운, 예상치 못한"
縫う,ぬう,to sew,N2,바느질하다
ねじ,ねじ,(a) screw,N2,(a) 나사
捩る,ねじる,to twist,N2,비틀다
ネックレス,ネックレス,necklace,N2,목걸이
熱する,ねっする,to heat,N2,가열하다
寝間着,ねまき,"sleep-wear, pajamas",N2,"잠옷, 잠옷"
寝巻,ねまき,"sleep-wear, pajamas",N2,"잠옷, 잠옷"
狙い,ねらい,aim,N2,목표
狙う,ねらう,to aim at,N2,목표로하다
年度,ねんど,"year, fiscal year",N2,"연도, 회계연도"
農産物,のうさんぶつ,agricultural produce,N2,농산물
農村,のうそん,agricultural community,N2,농업 공동체
濃度,のうど,"concentration, density",N2,"농도, 밀도"
農薬,のうやく,agricultural chemicals,N2,농약
能率,のうりつ,efficiency,N2,능률
のこぎり,のこぎり,saw,N2,봤다
残らず,のこらず,"completely, without exception",N2,예외없이 완전히
上り,のぼり,"up-train (going to Tokyo), ascent",N2,"상향 열차(도쿄행), 상승"
糊,のり,"glue, paste, starch",N2,"풀, 페이스트, 전분"
乗換,のりかえ,"a transfer (e.g., trains, buses)",N2,"환승(예: 기차, 버스)"
乗り換え,のりかえ,"(n) transfer (trains, buses, etc.)",N2,"(n) 환승(기차, 버스 등)"
乗り越し,のりこし,riding past (one's station),N2,(자신의 역)을 타고 지나가다
鈍い,のろい,"dull (e.g., a knife), slow (opposite of fast), stupid",N2,"둔한(예: 칼), 느린(빠른 것과 반대), 멍청한"
のろのろ,のろのろ,"slowly, sluggishly",N2,"천천히, 느리게"
呑気,のんき,"carefree, optimistic, careless",N2,"평온한, 낙천적인, 부주의한"
はい (かん),はい (かん),yes,N2,예
灰色,はいいろ,"grey, ashen",N2,"회색, 잿빛"
俳句,はいく,haiku poetry,N2,하이쿠 시
売店,ばいてん,"shop, stand",N2,"쇼핑하다, 서다"
バイバイ,バイバイ,bye bye,N2,안녕
売買,ばいばい,"trade, buying and selling",N2,"무역, 구매 및 판매"
這う,はう,"to creep, to crawl",N2,"기어가다, 기어가다"
剥す,はがす,"to tear off, to peel off, to rip off",N2,"떼어내다, 벗겨내다, 떼어내다"
剥がす,はがす,"to tear off, to peel off, to rip off, to strip off, to skin, to flay, to disrobe, to deprive of, to detach, to disconnect",N2,"벗겨내다, 벗겨내다, 벗겨내다, 벗겨내다, 벗겨내다, 벗겨내다, 벗겨내다, 벗겨내다, 벗겨내다, 떼어내다, 연결을 끊다"
ばからしい,ばからしい,absurd,N2,터무니없는
秤,はかり,"scales, weighing machine",N2,"저울, 계량기"
吐き気,はきけ,"nausea, sickness in the stomach",N2,"메스꺼움, 위장병"
はきはき,はきはき,clearly,N2,분명히
掃く,はく,"to sweep, to brush, to gather up",N2,"쓸어내다, 닦다, 모으다"
歯車,はぐるま,"gear, cog-wheel",N2,"기어, 톱니바퀴"
バケツ,バケツ,"bucket, pail",N2,"양동이, 양동이"
挟まる,はさまる,"to get between, to be caught in",N2,"사이에 끼다, 갇히다"
挟む,はさむ,to pinch; to hold between; to insert,N2,꼬집다; 사이에 붙잡다; 삽입하다
梯子,はしご,"ladder, stairs",N2,"사다리, 계단"
始めに,はじめに,"to begin with, first of all",N2,"우선, 우선"
初めに,はじめに,"to begin with, first of all",N2,"우선, 우선"
はじめまして,はじめまして,"How do you do, I am glad to meet you",N2,"잘 지내세요, 만나서 반가워요"
斜,はす,diagonal,N2,대각선
外れる,はずれる,"to be disconnected, to get out of place, to be off, to be out (e.g., of gear)",N2,"연결이 끊어지다, 제자리에서 벗어나다, 떨어져 나가다, 나가다(예: 장비에서)"
パターン,パターン,pattern,N2,무늬
肌着,はだぎ,underwear,N2,속옷
果して,はたして,"as was expected, really",N2,예상대로 정말
果たして,はたして,"as was expected, just as one thought, sure enough",N2,"역시 예상대로, 생각대로, 당연하지"
鉢,はち,"a bowl, a pot",N2,"그릇, 냄비"
発,はつ,"to depart (e.g., on a plane, train)",N2,출발하다 (예: 비행기나 기차를 타고)
×,ばつ,cross,N2,십자가
発揮,はっき,"exhibition, demonstration, display",N2,"전시, 시연, 전시"
バック,バック,back,N2,뒤쪽에
発想,はっそう,idea; way of thinking (same as 考え方 (かんがえかた)),N2,아이디어; 사고방식
発電,はつでん,"generation (e.g., power)",N2,발전(예: 전력)
発売,はつばい,sale,N2,판매
派手,はで,"showy, loud, flashy, gaudy",N2,"화려한, 시끄러운, 화려한, 화려한"
話合い,はなしあい,"discussion, talk",N2,"토론, 이야기"
話し合い,はなしあい,"discussion, talk, conference",N2,"토론, 이야기, 회의"
話し掛ける,はなしかける,"to accost a person, to talk (to someone)",N2,"사람에게 말을 걸다, (누군가에게) 말을 걸다"
話中,はなしちゅう,"while talking, the line is busy",N2,통화하는 동안 통화 중입니다.
甚だしい,はなはだしい,"extreme, excessive, terrible",N2,"극단적인, 지나친, 끔찍한"
花火,はなび,fireworks,N2,불꽃
花嫁,はなよめ,bride,N2,신부
ばね,ばね,"spring (e.g., coil, leaf)",N2,"스프링(예: 코일, 잎)"
跳ねる,はねる,"to jump, to leap",N2,"뛰어오르다, 도약하다"
破片,はへん,"fragment, broken piece",N2,"파편, 부서진 조각"
歯磨き,はみがき,"toothbrushing, toothpaste",N2,"칫솔질, 치약"
はめる,はめる,"(col) to get in, to insert, to put on",N2,"(col) 들어가다, 삽입하다, 끼우다"
早口,はやくち,fast-talking,N2,말이 빠른
払い込む,はらいこむ,"to deposit, to pay in",N2,"입금하다, 지불하다"
払い戻す,はらいもどす,"to repay, to pay back",N2,"갚다, 갚다"
針金,はりがね,wire,N2,철사
張り切る,はりきる,"to be in high spirits, to be full of vigor",N2,"기분이 좋아지다, 활력이 넘치다"
反～,はん～,"anti ~, counter ~",N2,"안티~, 카운터~"
反映,はんえい,"reflection, influence",N2,"반성, 영향"
半径,はんけい,radius,N2,반지름
判子,はんこ,seal (used for signature),N2,인감(서명에 사용됨)
万歳,ばんざい,"banzai, Long live ~!",N2,"반자이, 만세~!"
判事,はんじ,"judge, justice",N2,"판사, 정의"
反省,はんせい,"reflection, reconsideration",N2,"반성, 재검토"
番地,ばんち,"house number, address",N2,"집 번호, 주소"
パンツ,パンツ,underpants,N2,팬티
バンド,バンド,band,N2,밴드
半島,はんとう,peninsula,N2,반도
ハンドル,ハンドル,"handle, steering wheel",N2,"핸들, 스티어링 휠"
非～,ひ～,"anti~, counter~, an~, non~",N2,"안티~, 카운터~, 안~, 논~"
日当たり,ひあたり,"exposure to the sun, sunny place",N2,"태양에 노출, 햇볕이 잘 드는 장소"
日帰り,ひがえり,day trip,N2,당일치기 여행
比較的,ひかくてき,comparatively; relatively,N2,비교적; 비교적
日陰,ひかげ,shadow,N2,그림자
ぴかぴか,ぴかぴか,"glitter, sparkle",N2,"반짝임, 반짝임"
引受る,ひきうける,"to undertake, to take up, to take over",N2,"맡다, 맡다, 인수하다"
引き返す,ひきかえす,"to turn back, to go back, reverse",N2,"돌아서다, 되돌아가다, 뒤로 돌아가다"
引算,ひきざん,subtraction,N2,빼기
引き出す,ひきだす,"to pull out, to take out, to withdraw",N2,"빼내다, 빼내다, 철수하다"
引き止める,ひきとめる,"to keep back, to prevent, to hold back",N2,"뒤로 물러서다, 막다, 억제하다"
卑怯,ひきょう,"cowardice, meanness, unfairness",N2,"비겁함, 비열함, 불공평함"
引分け,ひきわけ,"a draw (in competition), tie game",N2,"무승부(대회에서), 동점 게임"
引き分け,ひきわけ,"draw (in competition), tie game",N2,"무승부(대회에서), 동점 게임"
陽射,ひざし,"sunlight, rays of the sun",N2,"햇빛, 태양 광선"
日差し,ひざし,sunlight,N2,햇빛
肘,ひじ,elbow,N2,팔꿈치
ピストル,ピストル,pistol,N2,권총
ビタミン,ビタミン,vitamin,N2,비타민
ぴたり,ぴたり,exactly; close-fitting,N2,정확히; 꼭 맞는
引っ掛かる,ひっかかる,"to be caught in, to be stuck in",N2,"갇히다, 갇히다"
筆記,ひっき,"note taking, writing",N2,"메모하기, 쓰기"
引っ繰り返す,ひっくりかえす,"to turn over, to overturn, to knock over",N2,"뒤집다, 뒤집다, 넘어뜨리다"
引っ繰り返る,ひっくりかえる,"to be overturned, to be upset, to topple over, to be reversed",N2,"뒤집히다, 뒤집어지다, 뒤집히다, 뒤집히다"
引っ越し,ひっこし,"moving (dwelling, office, etc.), changing residence",N2,"이사(집, 사무실 등), 거주지 변경"
引っ込む,ひっこむ,"to draw back, to sink, to cave in",N2,"뒤로 물러나다, 가라앉다, 함몰시키다"
筆者,ひっしゃ,"writer, author",N2,"작가, 작가"
必需品,ひつじゅひん,"necessities, essential",N2,"필수품, 필수품"
一～,ひと～,one ~,N2,하나 ~
人差指,ひとさしゆび,index finger,N2,집게손가락
一通り,ひととおり,"general, briefly",N2,"일반적으로, 간략하게"
人通り,ひとどおり,pedestrian traffic,N2,보행자 교통
ひとまず,ひとまず,"for the present, once, for the time being",N2,"현재로서는, 한 번, 당분간"
瞳,ひとみ,pupil (of eye),N2,눈동자(눈의)
一休み,ひとやすみ,a rest,N2,휴식
独り言,ひとりごと,"a soliloquy, a monologue, speaking to oneself",N2,"독백, 독백, 혼잣말"
ひとりでに,ひとりでに,"by itself, automatically, naturally",N2,"저절로, 자동으로, 자연스럽게"
ビニール,ビニール,vinyl,N2,비닐
皮肉,ひにく,"cynicism, sarcasm",N2,"냉소주의, 풍자"
日日,ひにち,date,N2,날짜
日にち,ひにち,"date (of a planned event, act, etc.), day",N2,"날짜(계획된 사건, 행위 등의), 요일"
捻る,ひねる,"to twist, to turn",N2,"비틀다, 돌리다"
日の入り,ひのいり,sunset,N2,일몰
日の出,ひので,sunrise,N2,해돋이
響き,ひびき,"echo, sound",N2,"에코, 소리"
響く,ひびく,to resound; to affect,N2,울리다; 영향을 미치다
皮膚,ひふ,skin,N2,피부
冷やす,ひやす,"to cool (from room temperature), to chill, to refrigerate",N2,"(상온에서) 식히다, 차갑게 하다, 냉장하다"
ひゃっかじてん,ひゃっかじてん,encyclopedia,N2,백과 사전
百科事典,ひゃっかじてん,encyclopedia,N2,백과 사전
美容,びよう,beauty of figure or form,N2,모습이나 형태의 아름다움
表紙,ひょうし,"front cover, binding",N2,"앞표지, 제본"
標識,ひょうしき,"sign, mark",N2,"서명하다, 표시하다"
標準,ひょうじゅん,"standard, level",N2,"표준, 레벨"
標本,ひょうほん,"example, specimen",N2,"예, 표본"
評論,ひょうろん,"criticism, critique",N2,"비판, 비판"
ビルディング,ビルディング,building,N2,건물
昼寝,ひるね,"nap (at home), siesta",N2,"낮잠(집에서), 낮잠"
広げる,ひろげる,"to spread, to extend, to expand, to enlarge, to widen, to broaden",N2,"확장하다, 확장하다, 확장하다, 확대하다, 넓히다, 넓히다"
広さ,ひろさ,extent,N2,정도
広場,ひろば,plaza,N2,큰 광장
広々,ひろびろ,"extensive, spacious",N2,"광범위한, 넓은"
ピンク,ピンク,pink,N2,분홍색
便箋,びんせん,"writing paper, stationery",N2,"필기용지, 문구류"
瓶詰,びんづめ,"bottling, bottled",N2,"병에 담다, 병에 담다"
ファスナー,ファスナー,"fastener, zipper",N2,"패스너, 지퍼"
風船,ふうせん,balloon,N2,풍선
不運,ふうん,"unlucky, misfortune, bad luck",N2,"불운, 불운, 불운"
深まる,ふかまる,"to deepen, to heighten, to intensify",N2,"심화하다, 강화하다, 강화하다"
不規則,ふきそく,"irregularity, unsteadiness",N2,"불규칙, 불안정"
普及,ふきゅう,"diffusion, spread",N2,"확산, 확산"
付近,ふきん,"neighborhood, vicinity",N2,"동네, 근처"
副～,ふく～,vice ~,N2,바이스 ~
副詞,ふくし,adverb,N2,부사
複写,ふくしゃ,"copy, duplicate",N2,"복사하다, 복제하다"
複数,ふくすう,"plural, multiple",N2,"복수, 복수"
ふくめる,ふくめる,"to include, to instruct, to make one understand",N2,"포함시키다, 가르치다, 이해시키다"
膨らます,ふくらます,"to swell, to expand, to inflate",N2,"부풀다, 팽창하다, 팽창시키다"
膨らむ,ふくらむ,"to expand, to swell (out), to become inflated",N2,"팽창하다, 부풀어오르다(부풀어 오르다), 부풀어 오르다"
不潔,ふけつ,"unclean, dirty",N2,"부정한, 더러운"
更ける,ふける,"to get late, to wear on",N2,"늦게 도착하다, 입다"
符号,ふごう,"sign, mark, symbol",N2,"표시, 표시, 상징"
夫妻,ふさい,"man and wife, married couple",N2,"남자와 아내, 부부"
塞がる,ふさがる,"to be plugged up, to be shut up",N2,"막히다, 닥치다"
塞ぐ,ふさぐ,"to stuff, to close up, to block (up)",N2,"물건을 채우다, 닫다, 막다(위로)"
ふざける,ふざける,"to romp, to gambol, to frolic",N2,"장난을 치다, 장난을 치다, 장난을 치다"
無沙汰,ぶさた,neglecting to stay in contact,N2,연락을 소홀히 하는 것
武士,ぶし,"warrior, samurai",N2,"전사, 사무라이"
部首,ぶしゅ,radical (of a kanji character),N2,급진적(한자 문자의)
蒸す,ふす,"to steam (food, towel, etc.) to be hot and humid, to be sultry",N2,"(음식, 수건 등을) 찌다, 덥다, 덥다, 후덥지근하다"
襖,ふすま,sliding screen,N2,슬라이딩 스크린
附属,ふぞく,"attached, belonging, affiliated",N2,"소속된, 소속된, 소속된"
付属,ふぞく,"being attached (to), being affiliated (to), belonging (to), going with",N2,"소속(to), 소속(to), 소속(to), 소속(to)"
蓋,ふた,"cover, lid, cap",N2,"뚜껑,뚜껑,뚜껑"
不通,ふつう,"suspension, interruption, stoppage, tie-up, cessation",N2,"정지, 중단, 정지, 중단, 중지"
物騒,ぶっそう,"dangerous, disturbed, insecure",N2,"위험한, 불안한, 불안한"
ぶつぶつ,ぶつぶつ,"grumbling, complaining in a small voice",N2,"투덜거리다, 작은 목소리로 불평하다"
船便,ふなびん,surface mail (ship),N2,선편(선박)
部品,ぶひん,"parts, accessories",N2,"부품, 액세서리"
吹雪,ふぶき,snow storm,N2,눈보라
父母,ふぼ,"father and mother, parents",N2,"아버지와 어머니, 부모님"
踏切,ふみきり,"railway crossing, level crossing, starting line, scratch, crossover",N2,"철도 건널목, 건널목, 출발선, 스크래치, 크로스오버"
麓,ふもと,"the foot, the bottom, the base (of a mountain)",N2,"발, 바닥, (산의) 밑바닥"
フライパン,フライパン,"fry pan, frying pan",N2,"후라이팬, 후라이팬"
ブラウス,ブラウス,blouse,N2,블라우스
ぶらさげる,ぶらさげる,"to hang, to suspend, to swing",N2,"매달다, 매달다, 매달다"
ブラシ,ブラシ,brush,N2,브러시
プラットホーム,プラットホーム,platform,N2,플랫폼
フリー,フリー,free,N2,무료
振り仮名,ふりがな,pronunciation key,N2,발음 키
振り向く,ふりむく,"to turn one's face, to turn around",N2,"얼굴을 돌리다, 돌아서다"
プリント,プリント,"print, handout",N2,"인쇄, 유인물"
古～,ふる～,old ~,N2,낡은 ~
故郷,ふるさと,"home town, birthplace",N2,"고향, 출생지"
古里,ふるさと,"home town, birthplace",N2,"고향, 출생지"
振舞う,ふるまう,"to behave, to conduct",N2,"행동하다, 지휘하다"
ブローチ,ブローチ,brooch,N2,브로치
プログラム,プログラム,program,N2,프로그램
風呂敷,ふろしき,"wrapping cloth, cloth wrapper",N2,"보자기, 천 포장지"
ふわふわ,ふわふわ,"light, soft",N2,가볍고 부드럽다
噴火,ふんか,eruption,N2,분화
分解,ぶんかい,"analysis, disassembly",N2,"분석, 분해"
文芸,ぶんげい,"literature, art and literature",N2,"문학, 예술과 문학"
文献,ぶんけん,"literature, books (reference)",N2,"문학, 서적(참고)"
噴水,ふんすい,water fountain,N2,분수
分数,ぶんすう,fraction (in math),N2,분수 (수학)
文体,ぶんたい,literary style,N2,문체
分布,ぶんぷ,distribution,N2,분포
文房具,ぶんぼうぐ,stationery,N2,문방구
文脈,ぶんみゃく,context,N2,문맥
分量,ぶんりょう,"amount, quantity",N2,"금액, 수량"
分類,ぶんるい,classification,N2,분류
閉会,へいかい,closure,N2,폐쇄
平気,へいき,"coolness, calmness, unconcern",N2,"시원함, 평온함, 무관심"
並行,へいこう,"(going) side by side, concurrent, at the same time",N2,"(가다) 나란히, 동시에, 동시에"
平日,へいじつ,weekday,N2,주일
兵隊,へいたい,soldier,N2,군인
平凡,へいぼん,"common, ordinary",N2,"일반적인, 평범한"
平野,へいや,"plain, open field",N2,"평원, 열린 들판"
凹む,へこむ,"to be dented, to be indented",N2,"움푹 들어가다, 움푹 들어가다"
へそ,へそ,"navel, belly-button",N2,"배꼽, 배꼽"
隔てる,へだてる,to be shut out,N2,폐쇄되다
別荘,べっそう,villa; vacation home; summer cottage,N2,별장; 별장; 여름 별장
別々,べつべつ,"separately, individually",N2,"별도로, 개별적으로"
ベテラン,ベテラン,veteran,N2,재향 군인
ヘリコプター,ヘリコプター,helicopter,N2,헬리콥터
編集,へんしゅう,"editing, compilation, editorial (e.g., committee)",N2,"편집, 편집, 편집(예: 위원회)"
便所,べんじょ,"toilet, lavatory",N2,"화장실, 화장실"
ペンチ,ペンチ,pliers (lit: pinchers),N2,펜치 (점등 : 핀처)
ボーナス,ボーナス,bonus,N2,보너스
防～,ぼう～,~ prevention,N2,~ 예방
望遠鏡,ぼうえんきょう,telescope,N2,망원경
方角,ほうがく,"direction, way",N2,"방향, 길"
箒,ほうき,broom,N2,비
方言,ほうげん,dialect,N2,방언
坊さん,ぼうさん,"Buddhist priest, monk",N2,"불교 승려, 스님"
防止,ぼうし,"prevention, check",N2,"예방, 점검"
方針,ほうしん,"objective, plan, policy",N2,"목표, 계획, 정책"
包装,ほうそう,"packing, wrapping",N2,"포장, 포장"
法則,ほうそく,"law, rule",N2,"법, 규칙"
包帯,ほうたい,bandage,N2,붕대
膨大,ぼうだい,"enormous, extensive",N2,"거대한, 광범위한"
包丁,ほうちょう,"kitchen knife, carving knife",N2,"부엌칼, 조각칼"
方程式,ほうていしき,equation,N2,방정식
防犯,ぼうはん,prevention of crime,N2,범죄 예방
方面,ほうめん,direction; area,N2,방향; 영역
坊や,ぼうや,boy,N2,소년
放る,ほうる,to let go,N2,놓아주다
朗らか,ほがらか,"bright, cheerful, melodious",N2,"밝고, 쾌활하고, 멜로디"
朗らか(な),ほがらか(な),"cheerful, merry bright (sky, day, etc.), fine, clear",N2,"명랑하다, 즐겁고 밝다(하늘, 낮 등), 맑다, 맑다"
牧場,ぼくじょう,farm (livestock); pasture land,N2,농장(가축); 목초지
牧畜,ぼくちく,stock-farming,N2,목축업
保健,ほけん,"health preservation, hygiene, sanitation",N2,"건강 유지, 위생, 위생"
募集,ぼしゅう,recruitment,N2,신병 모집
干す,ほす,"to air, to dry, to drink up",N2,"바람을 피우다, 말리다, 마시다"
ポスター,ポスター,poster,N2,포스터
北極,ほっきょく,North Pole,N2,북극
坊っちゃん,ぼっちゃん,son (of others),N2,(다른 사람의) 아들
解く,ほどく,to unfasten,N2,풀다
掘る,ほる,"to dig, to excavate",N2,"파다, 발굴하다"
彫る,ほる,"to carve, to chisel",N2,"조각하다, 조각하다"
ぼろ,ぼろ,"rag, tattered clothes",N2,"걸레, 너덜해진 옷"
盆,ぼん,Festival of the Dead; tray,N2,죽음의 축제; 쟁반
盆地,ぼんち,"basin (e.g., between mountains)",N2,분지(예: 산 사이)
ほんの～,ほんの～,"mere, just",N2,"단지, 단지"
本部,ほんぶ,headquarters,N2,본부
本来,ほんらい,"essentially, naturally, by nature",N2,"본질적으로, 자연스럽게, 본질적으로"
まあまあ,まあまあ,okay; so-so; decent,N2,좋아요; 그저 그렇습니다; 품위 있는
毎～,まい～,every ~,N2,~마다
枚数,まいすう,the number of flat things,N2,평평한 것의 수
毎度,まいど,"each time, common service-sector greeting",N2,매번 공통 서비스 부문 인사말
まく,まく,"to wind, to coil, to roll",N2,"감다, 감다, 굴리다"
枕,まくら,pillow,N2,베개
曲げる,まげる,"to bend, to crook, to lean",N2,"구부리다, 구부리다, 기대다"
まごまご,まごまご,"confused, be at a loss",N2,"혼란스러워하다, 당황하다"
摩擦,まさつ,friction; rubbing; chafe,N2,마찰; 마찰; 비벼서 따뜻하게 하다
まざる,まざる,"to be mixed, to be blended with, to associate with",N2,"섞이다, 섞이다, 어울리다"
まじる,まじる,"to be mixed, to be blended with, to associate with",N2,"섞이다, 섞이다, 어울리다"
マスク,マスク,mask,N2,마스크
まぜる,まぜる,"to mix, to stir",N2,"섞다, 저어주다"
またぐ,またぐ,to straddle,N2,걸터앉다
跨ぐ,またぐ,"to step over/across, to stride over/across, to cross to stretch over, to span, to bridge, to saddle, to straddle",N2,"건너다/건너가다, 성큼성큼 걸어가다/건너가다, 건너다, 뻗다, 뻗다, 다리를 놓다, 안장을 놓다, 걸터앉다"
待合室,まちあいしつ,waiting room,N2,대기실
待ち合わせる,まちあわせる,"to rendezvous, to meet at a prearranged place and time",N2,"만나다, 약속된 장소와 시간에 만나다"
街角,まちかど,street corner,N2,길모퉁이
真っ暗,まっくら,total darkness,N2,완전한 어둠
真っ黒,まっくろ,pitch black,N2,칠흑같이 어두운
真っ青,まっさお,"deep blue, ghastly pale",N2,"짙은 파란색, 무시무시하게 창백함"
真っ先,まっさき,"foremost, beginning",N2,"무엇보다도, 시작"
真っ白,まっしろ,pure white,N2,순백의
祭る,まつる,"to deify, to enshrine",N2,"신격화하다, 모시다"
窓口,まどぐち,(ticket) window,N2,(티켓) 창구
真似る,まねる,"to mimic, to imitate",N2,"흉내내다, 흉내내다"
まぶた,まぶた,eyelids,N2,눈꺼풀
マフラー,マフラー,a winter scarf,N2,겨울 스카프
間も無く,まもなく,"soon, in a short time",N2,"곧, 짧은 시간 안에"
間もなく,まもなく,"soon, shortly, before long, in a short time, in a little while",N2,"곧, 곧, 머지않아, 짧은 시간 안에, 조금 있으면"
マラソン,マラソン,marathon,N2,마라톤
稀,まれ,"rare, seldom",N2,"드물다, 드물다"
回り道,まわりみち,detour,N2,우회
満員,まんいん,"full house, no vacancy, sold out",N2,"풀하우스, 공실 없음, 매진"
マンション,マンション,"multistory apartment house, condominium",N2,"다층 아파트, 콘도미니엄"
満点,まんてん,perfect score,N2,만점
未～,み～,not yet ~,N2,아직은 아니야~
見上げる,みあげる,"to look up at, to admire",N2,"올려다보다, 감탄하다"
見送る,みおくる,to see off; to escort; to let pass,N2,배웅하다; 호위하다; 통과시키다
見下ろす,みおろす,"to overlook, to look down on something",N2,"간과하다, 무언가를 내려다보다"
見掛け,みかけ,outward appearance,N2,외관
三日月,みかづき,crescent moon,N2,초승달
岬,みさき,cape (on coast),N2,곶(해안)
みじめ,みじめ,"sad, pitiful, wretched",N2,"슬프다, 불쌍하다, 비참하다"
惨めな,みじめな,"miserable, wretched, unhappy, sad, pitiable",N2,"비참하다, 비참하다, 불행하다, 슬프다, 불쌍하다"
ミシン,ミシン,sewing machine,N2,미싱
自ら,みずから,"for one's self, personally",N2,"자기 자신을 위해서, 개인적으로"
水着,みずぎ,bathing suit (woman's),N2,수영복 (여성용)
店屋,みせや,"store, shop",N2,"가게, 가게"
見出し,みだし,"heading, index",N2,"제목, 색인"
道順,みちじゅん,"itinerary, route",N2,"여행일정, 루트"
みっともない,みっともない,"shameful, indecent",N2,"부끄러운, 음란한"
見詰める,みつめる,"to stare at, to gaze at",N2,"응시하다, 응시하다"
見直す,みなおす,"to look over again, to review",N2,"다시 살펴보다, 검토하다"
見慣れる,みなれる,"to become used to seeing, to be familiar with",N2,"보는 것에 익숙해지다, 익숙해지다"
醜い,みにくい,ugly,N2,못생긴
実る,みのる,"to bear fruit, to ripen",N2,"열매를 맺다, 익다"
身分,みぶん,"position, status",N2,"위치, 지위"
見本,みほん,sample,N2,견본
見舞う,みまう,"to ask after (health), to visit",N2,"(건강이) 안부를 묻다, 방문하다"
未満,みまん,"less than, insufficient",N2,"미만, 불충분"
名字,みょうじ,"surname, family name",N2,"성, 성"
ミリ (メートル),ミリ (メートル),milli-,N2,밀리
診る,みる,to examine (medically),N2,(의학적으로) 검사하다
民間,みんかん,"private, civilian",N2,"민간인, 민간인"
民主～,みんしゅ～,democratic,N2,민주적인
民謡,みんよう,"folk song, popular song",N2,"민요, 대중가요"
無限,むげん,infinite,N2,무한
無地,むじ,plain,N2,솔직한
蒸し暑い,むしあつい,"humid, sultry",N2,습하고 무더운
矛盾,むじゅん,"contradiction, inconsistency",N2,"모순, 불일치"
無数,むすう,"countless number, infinite number",N2,"셀 수 없는 수, 무한한 수"
紫,むらさき,"purple color, violet",N2,"보라색, 보라색"
群れ,むれ,"crowd, flock, herd",N2,"군중, 무리, 무리"
姪,めい,niece,N2,조카
名～,めい～,famous ~,N2,유명한 ~
名作,めいさく,masterpiece,N2,걸작
名詞,めいし,noun,N2,명사
名刺,めいし,business card,N2,명함
名所,めいしょ,famous place,N2,유명한 곳
迷信,めいしん,superstition,N2,미신
命ずる,めいずる,"to command, to appoint",N2,"명령하다, 임명하다"
名物,めいぶつ,"famous product, special product, speciality",N2,"유명상품, 특산품, 특산품"
銘々,めいめい,"each, individual",N2,"각각, 개인"
恵まれる,めぐまれる,"to be blessed with, to be rich in",N2,"~로 축복을 받다, 부자가 되다"
巡る,めぐる,to go around,N2,돌아다니다
目指す,めざす,"to aim at, to have an eye on",N2,"목표로 삼다, 주시하다"
目覚し,めざまし,alarm-clock,N2,알람시계
目下,めした,"at present, now",N2,"현재, 지금"
目印,めじるし,"mark, sign, landmark",N2,"표시, 표시, 표시"
目立つ,めだつ,"to be conspicuous, to stand out",N2,"눈에 띄다, 눈에 띄다"
めちゃくちゃ,めちゃくちゃ,"absurd, messed up, wrecked",N2,"터무니없는, 엉망인, 난파된"
めっきり,めっきり,remarkably,N2,놀랍게도
めでたい,めでたい,"happy, propitious, joyous",N2,"행복한, 행운의, 즐거운"
メニュー,メニュー,menu,N2,메뉴
めまい,めまい,"dizziness, giddiness",N2,"현기증, 현기증"
目安,めやす,"criterion, aim",N2,"기준, 목표"
免税,めんぜい,tax exemption,N2,면세
面積,めんせき,area,N2,영역
面接,めんせつ,interview,N2,회견
面倒臭い,めんどうくさい,"bother to do, tiresome",N2,"귀찮다, 귀찮다"
モーター,モーター,motor,N2,모터
儲かる,もうかる,"to be profitable, to yield a profit",N2,"이익이 나다, 이익을 얻다"
儲ける,もうける,"to earn, to have (bear, beget) a child",N2,"아이를 낳다, 낳다, 낳다"
申し訳ない,もうしわけない,"inexcusable, I am sorry",N2,"변명할 수 없어, 미안해"
木材,もくざい,"lumber, timber, wood",N2,"재목, 재목, 목재"
目次,もくじ,table of contents,N2,목차
潜る,もぐる,"to dive, to pass through; to evade, to hide",N2,"잠수하다, 통과하다; 회피하다, 숨기다"
もしかしたら,もしかしたら,"perhaps, maybe, by some chance",N2,어쩌면 어쩌면 어쩌면
もたれる,もたれる,"to lean against, to lean on",N2,"기대다, 기대다"
凭れる,もたれる,"to lean against, to lean on, to recline on",N2,"기대다, 기대다, 기대다"
モダン,モダン,modern,N2,현대의
餅,もち,sticky rice cake,N2,찹쌀떡
モデル,モデル,a fashion model,N2,패션 모델
元々,もともと,"originally, by nature, from the start",N2,"원래, 본질적으로, 처음부터"
物置,ものおき,storage room,N2,저장실
物語る,ものがたる,"to tell, to indicate",N2,"말하다, 나타내다"
物差し,ものさし,"ruler, measure",N2,"눈금자, 측정"
物凄い,ものすごい,"earth-shattering, staggering, to a very great extent",N2,"땅을 뒤흔드는, 엄청난, 엄청난 정도로"
モノレール,モノレール,monorail,N2,모노레일
紅葉,もみじ,(Japanese) maple,N2,(일본어) 단풍나무
揉む,もむ,"to rub, to crumple (up), to wrinkle",N2,"비비다, 구겨지다(위로), 주름을 잡다"
もやす,もやす,to burn,N2,태우다
催し,もよおし,"event, festivities, function",N2,"행사, 축제, 행사"
盛る,もる,to serve (food); to fill up; to prescribe,N2,(음식)을 제공하다; 채우다; 처방하다
問答,もんどう,"questions and answers, dialogue",N2,"질문과 답변, 대화"
やかましい,やかましい,"to be fussy, to be overly critical",N2,"까다롭다, 지나치게 비판적이다"
喧しい,やかましい,"noisy, loud, clamorous, boisterous",N2,"시끄러운, 시끄러운, 떠들썩한, 떠들썩한"
夜間,やかん,"at night, nighttime",N2,"밤에, 밤에"
やかん,やかん,kettle,N2,주전자
やかん,やかん,kettle,N2,주전자
役者,やくしゃ,actor,N2,배우
役所,やくしょ,"government office, public office",N2,"관공서, 관공서"
役人,やくにん,government official,N2,정부 관계자
薬品,やくひん,"medicine(s), chemical(s)",N2,"의약품, 화학물질"
役目,やくめ,"duty, business",N2,"의무, 사업"
火傷,やけど,"burn, scald",N2,"화상을 입다, 데게 하다"
夜行,やこう,"night train, night travel",N2,"야간열차, 야간여행"
矢印,やじるし,directing arrow,N2,지시 화살
やたらに,やたらに,"randomly, recklessly, blindly",N2,"무작위로, 무모하게, 맹목적으로"
薬局,やっきょく,"pharmacy, drugstore",N2,"약국, 약국"
やっつける,やっつける,"to attack (an enemy), to beat, to finish off",N2,"(적을) 공격하다, 물리치다, 끝내다"
やっぱり,やっぱり,"after all, anyway",N2,어쨌든 어쨌든
家主,やぬし,landlord,N2,주인
破く,やぶく,to tear,N2,찢다
やむをえない,やむをえない,"cannot be helped, unavoidable",N2,"어쩔 수 없다, 피할 수 없다"
軟らかい,やわらかい,"soft, tender, limp",N2,"부드러운, 부드러운, 절름발이"
遊園地,ゆうえんち,amusement park,N2,유원지
夕刊,ゆうかん,evening paper,N2,저녁 신문
友好,ゆうこう,friendship,N2,우정
郵送,ゆうそう,mailing,N2,우편물
夕立,ゆうだち,(sudden) evening shower (rain),N2,(갑자기) 저녁 소나기 (비)
夕日,ゆうひ,"(in) the evening sun, setting sun",N2,"(in) 저녁 해, 지는 해"
悠々,ゆうゆう,"quiet, calm, leisurely",N2,"조용하다, 차분하다, 여유롭다"
有料,ゆうりょう,"admission-paid, toll",N2,"입장료, 통행료"
浴衣,ゆかた,"bathrobe, informal summer kimono",N2,"목욕 가운, 비격식적인 여름 기모노"
行方,ゆくえ,one's whereabouts,N2,자신의 행방
湯気,ゆげ,steam,N2,증기
輸血,ゆけつ,blood transfusion,N2,수혈
輸送,ゆそう,"transport, transportation",N2,"운송, 운송"
油断,ゆだん,"negligence, unpreparedness",N2,"태만, 준비 부족"
湯飲み,ゆのみ,teacup,N2,찻잔
湯飲,ゆのみ,teacup,N2,찻잔
緩い,ゆるい,"loose, lenient, slow",N2,"느슨한, 관대한, 느린"
溶岩,ようがん,lava,N2,용암
容器,ようき,"container, receptacle, vessel, packaging",N2,"용기, 용기, 용기, 포장"
用語,ようご,"term, terminology",N2,"용어, 용어"
要旨,ようし,"gist, essentials, summary",N2,"요점, 필수사항, 요약"
幼児,ようじ,"infant, baby, child",N2,"유아, 아기, 어린이"
容積,ようせき,"capacity, volume",N2,"용량, 볼륨"
幼稚,ようち,"infancy, childish, infantile",N2,"유아기, 유치한, 유아기의"
幼稚園,ようちえん,kindergarten,N2,유치원
用途,ようと,"use, usefulness",N2,"사용, 유용성"
洋品店,ようひんてん,clothes store,N2,옷가게
養分,ようぶん,"nourishment, nutrient",N2,"영양, 영양분"
羊毛,ようもう,wool,N2,양모
漸く,ようやく,"at last, finally, hardly",N2,"마침내, 마침내, 거의"
要領,ようりょう,"gist, essentials, outline",N2,"요점, 필수사항, 개요"
翌～,よく～,next ~,N2,다음 ~
欲張り,よくばり,greedy,N2,탐욕스러운
余計,よけい,"too much, unnecessary, abundance, surplus, excess, superfluity",N2,"너무 많은, 불필요한, 풍요, 잉여, 초과, 과잉"
よこす,よこす,"to send, to forward; to hand over (e.g., money)",N2,"보내다, 전달하다; (예: 돈)을 넘겨주다"
よごす,よごす,"(1) to disgrace, to dishonour, (2) to pollute, to contaminate, to soil, to make dirty, to stain",N2,"(1) 불명예를 주다, 불명예를 주다, (2) 더럽히다, 오염시키다, 더럽히다, 더럽히다, 더럽히다"
寄せる,よせる,"to come near, to let someone approach to bring near, to bring together, to collect, to gather to deliver (opinion, news, etc.), to send (e.g. a letter), to contribute, to donate to let someone drop by",N2,"가까이 오다, 누군가에게 다가가게 하다, 가까이 오다, 모으다, 수집하다, 모으다 전달하다(의견, 뉴스 등), 보내다(편지 등), 기여하다, 누군가를 들르게 하기 위해 기부하다"
余所,よそ,"another place, somewhere else, strange parts",N2,"다른 곳, 다른 곳, 이상한 부분"
四つ角,よつかど,"four corners, crossroads",N2,"네 모퉁이, 교차로"
酔っ払い,よっぱらい,drunkard,N2,술고래
予備,よび,"preparation, spare",N2,"준비, 예비"
呼び掛ける,よびかける,"to call out to, to accost, to address (crowd), to appeal",N2,"(군중에게) 호소하다, 고발하다, 호소하다, 호소하다"
呼び出す,よびだす,"to summon, to call (e.g., phone)",N2,"소환하다, 부르다 (예: 전화)"
蘇る,よみがえる,"to be resurrected, to be revived",N2,"부활해야 한다, 부활해야 한다"
慶ぶ,よろこぶ,"to be delighted, to be glad",N2,"기뻐하다, 기뻐하다"
来日,らいにち,"coming to Japan, visit to Japan",N2,"일본에 가다, 일본을 방문하다"
落第,らくだい,"failure, dropping out of a class",N2,"실패, 수업 중퇴"
ラッシュアワー,ラッシュアワー,rush hour,N2,러시아워
欄,らん,"column of text (e.g., as in a newspaper)",N2,텍스트 열(예: 신문의 경우)
ランチ,ランチ,lunch,N2,점심
ランニング,ランニング,running; tank top,N2,달리기; 탱크탑
乱暴,らんぼう,"rude, violent, rough",N2,"무례한, 폭력적인, 거친"
理科,りか,science,N2,과학
利害,りがい,"advantages and disadvantages, interest",N2,"장점과 단점, 관심"
リズム,リズム,rhythm,N2,율
リットル,リットル,liter,N2,리터
リポート,リポート,"report, paper",N2,"보고서, 종이"
リボン,リボン,ribbon,N2,리본
略す,りゃくす,to abbreviate,N2,축약하다
流域,りゅういき,(river) basin,N2,(강) 유역
寮,りょう,"hostel, dormitory",N2,"호스텔, 기숙사"
両～,りょう～,both ~,N2,둘 다 ~
両側,りょうがわ,both sides,N2,양쪽
漁師,りょうし,fisherman,N2,어부
領事,りょうじ,consul,N2,영사
領収,りょうしゅう,"receipt, voucher",N2,"영수증, 상품권"
臨時,りんじ,"temporary, special, extraordinary",N2,"일시적인, 특별한, 특별한"
留守番,るすばん,"care-taking, caretaker, house-watching",N2,"간병인, 간병인, 집을 지켜보는 사람"
例外,れいがい,exception,N2,예외
零点,れいてん,"zero, no marks",N2,"0, 표시 없음"
冷凍,れいとう,"freezing, cold storage, refrigeration",N2,"냉동, 냉장, 냉장"
レインコート,レインコート,raincoat,N2,비옷
レクリェーション,レクリェーション,recreation,N2,휴양
レジャー,レジャー,leisure,N2,여가
列島,れっとう,chain of islands,N2,섬의 사슬
煉瓦,れんが,brick,N2,벽돌
連合,れんごう,"union, alliance",N2,"연합, 동맹"
レンズ,レンズ,lens,N2,렌즈
ローマ字,ローマじ,"romanization, Roman letters (alphabet)",N2,"로마자 표기, 로마자(알파벳)"
ろうそく,ろうそく,candle,N2,양초
録音,ろくおん,(audio) recording,N2,(오디오) 녹음
ロッカー,ロッカー,locker,N2,사물함
ロビー,ロビー,lobby,N2,로비
論ずる,ろんずる,"to argue, to discuss",N2,"논쟁하다, 토론하다"
和～,わ～,Japanese style,N2,일본식
和英,わえい,Japanese-English,N2,일본어-영어
我～,わが～,our ~,N2,우리 ~
分かれる,わかれる,"to branch, to fork, to diverge to separate, to split, to divide to disperse, to scatter",N2,"갈라지다, 갈라지다, 갈라지다, 갈라지다, 쪼개지다, 나누다, 흩어지다, 흩어지다"
若々しい,わかわかしい,"youthful, young",N2,"젊다, 젊다"
詫びる,わびる,to apologize,N2,사과하다
和服,わふく,Japanese clothes,N2,일본옷
割合に,わりあいに,"relatively, comparatively",N2,"상대적으로, 상대적으로"
割算,わりざん,division (math),N2,나눗셈 (수학)
割と,わりと,"relatively, comparatively",N2,"상대적으로, 상대적으로"
割引,わりびき,discount,N2,할인
ワンピース,ワンピース,one-piece dress,N2,원피스 드레스
作法,さほう,"manners, etiquette, propriety",N3,"매너, 에티켓, 예절"
様々,さまざま,"varied, various",N3,"다양하다, 다양하다"
冷ます,さます,"to cool, to let cool",N3,"식히다, 식히다"
覚ます,さます,to awaken,N3,깨우다
冷める,さめる,"to become cool, to wear off",N3,"시원해지다, 닳아 없어지다"
覚める,さめる,"to wake, to wake up",N3,"깨다, 깨다"
左右,さゆう,left and right; influence,N3,왼쪽과 오른쪽; 영향
皿,さら,"plate, dish",N3,"접시, 접시"
更に,さらに,"furthermore, moreover",N3,"더욱이, 더욱이"
去る,さる,"to leave, to go away",N3,"떠나다, 떠나다"
猿,さる,monkey,N3,원숭이
騒ぎ,さわぎ,"uproar, disturbance",N3,"소란, 소란"
参加,さんか,participation,N3,참여
参考,さんこう,"reference, consultation",N3,"참고,상담"
賛成,さんせい,"approval, agreement",N3,"승인, 합의"
酸性,さんせい,acidity,N3,신맛
酸素,さんそ,oxygen,N3,산소
氏,し,"family name, lineage",N3,"성, 혈통"
詩,し,poem; poetry,N3,시; 시
幸せ,しあわせ,"happiness, blessing",N3,"행복, 축복"
ジーンズ,ジーンズ,jeans,N3,청바지
ジェット機,ジェットき,jet plane,N3,제트기
四角,しかく,square,N3,정사각형
直に,じかに,"immediately, readily, directly",N3,"즉시, 즉시, 직접"
しかも,しかも,"moreover, furthermore, besides, plus",N3,"게다가, 게다가, 게다가, 게다가"
四季,しき,four seasons,N3,사계절
直,じき,"immediately, soon, shortly",N3,"즉시, 곧, 곧"
時期,じき,"time, season, period",N3,"시간, 계절, 기간"
支給,しきゅう,"payment, allowance",N3,"지불, 수당"
至急,しきゅう,"urgent, pressing",N3,"긴급한, 긴급한"
しきりに,しきりに,"frequently, repeatedly, eagerly",N3,"자주, 반복적으로, 열심히"
刺激,しげき,"stimulus, impetus, incentive",N3,"자극, 원동력, 유인"
資源,しげん,resources,N3,자원
事件,じけん,"event, affair, incident",N3,"사건, 사건, 사건"
時刻,じこく,"time, hour",N3,"시간, 시"
自殺,じさつ,suicide,N3,자살
事実,じじつ,"fact, truth, reality",N3,"사실, 진실, 현실"
支出,ししゅつ,"expenditure, expenses",N3,"지출, 비용"
事情,じじょう,"circumstances, situation, reasons",N3,"상황, 상황, 이유"
詩人,しじん,poet,N3,시인
自身,じしん,oneself,N3,자신
沈む,しずむ,to sink; to feel depressed,N3,가라앉다; 우울하다
自然,しぜん,"nature, spontaneous",N3,"자연, 즉흥적"
思想,しそう,"thought, idea",N3,"생각, 생각"
舌,した,tongue,N3,혀
次第,しだい,order; circumstances; immediate(ly),N3,주문하다; 상황; 즉시)
従う,したがう,"to abide (by the rules), to obey",N3,"(규칙을) 준수하다, 순종하다"
したがって,したがって,"therefore, consequently",N3,그러므로 결과적으로
親しい,したしい,"intimate, close (e.g., friend)",N3,"친밀한, 가까운 (예: 친구)"
質,しつ,"quality, nature (of person)",N3,"품질, 성격 (사람의)"
失業,しつぎょう,unemployment,N3,실업
湿気,しっけ,"moisture, humidity, dampness",N3,"습기, 습기, 습기"
実験,じっけん,lab work; experiment,N3,실험실 작업; 실험
実現,じつげん,"implementation, materialization, realization",N3,"구현, 구체화, 실현"
実行,じっこう,"practice, execution (e.g., program), realization",N3,"연습, 실행(예: 프로그램), 실현"
実際,じっさい,in fact; in actuality,N3,사실은; 실제로는
実施,じっし,"enforcement, carry out, operation",N3,"집행, 실행, 운영"
湿度,しつど,humidity,N3,습기
じっと,じっと,"patiently, quietly",N3,"참을성있게, 조용히"
実に,じつに,"indeed, truly, surely",N3,"정말로, 정말로, 확실히"
実は,じつは,actually; in fact,N3,실제로; 사실은
失望,しつぼう,"disappointment, despair",N3,"실망, 절망"
実力,じつりょく,ability; force,N3,능력; 힘
支店,してん,branch store (office),N3,지점(사무실)
指導,しどう,"leadership, guidance, coaching",N3,"리더십, 지도, 코칭"
自動,じどう,"automatic, self-motion",N3,"자동, 자체 모션"
児童,じどう,"children, juvenile",N3,"어린이, 청소년"
品,しな,"thing, article, goods",N3,"물건, 물건, 물건"
支配,しはい,"rule, control, direction",N3,"규칙, 통제, 방향"
芝居,しばい,"play, drama",N3,"연극, 드라마"
しばしば,しばしば,"often, again and again, frequently",N3,"자주, 또 다시, 자주"
芝生,しばふ,lawn,N3,잔디
支払,しはらい,payment,N3,지불
支払う,しはらう,to pay,N3,지불하다
死亡,しぼう,death,N3,죽음
資本,しほん,"funds, capital",N3,"자금, 자본"
姉妹,しまい,sisters,N3,자매
しまった (かん),しまった (かん),Damn it!,N3,젠장!
自慢,じまん,"pride, boast",N3,"자랑하다, 자랑하다"
地味,じみ,"quiet, plain, conservative",N3,"조용하다, 평범하다, 보수적이다"
示す,しめす,"to show, to indicate",N3,"보여주다, 나타내다"
占める,しめる,to take up; to account for,N3,차지하다; 설명하다
湿る,しめる,"to be wet, to be damp",N3,"젖다, 축축하다"
下,しも,"under, below, beneath",N3,"아래, 아래, 아래"
霜,しも,frost,N3,서리
借金,しゃっきん,"debt, loan, liabilities",N3,"부채, 대출, 부채"
しゃべる,しゃべる,"to talk, to chat, to chatter (same as 話す (はなす))",N3,"이야기하다, 수다를 떨다, 수다를 떨다"
週,しゅう,week,N3,주
州,しゅう,"state, province",N3,"주, 지방"
銃,じゅう,gun,N3,총
周囲,しゅうい,"surroundings, circumference, environs",N3,"주변 환경, 둘레, 환경"
収穫,しゅうかく,"harvest, crop, ingathering",N3,"추수하다, 수확하다, 모으다"
宗教,しゅうきょう,religion,N3,종교
重視,じゅうし,"importance, stress",N3,"중요성, 스트레스"
就職,しゅうしょく,finding employment,N3,취업
ジュース,ジュース,"juice, soft drink; deuce",N3,"주스, 청량음료; 듀스"
修正,しゅうせい,"amendment, correction",N3,"수정, 정정"
重体,じゅうたい,"seriously ill, critical state",N3,"중병, 위독한 상태"
渋滞,じゅうたい,"congestion (e.g., traffic), delay",N3,"혼잡(예: 교통), 지연"
重大,じゅうだい,"serious, important",N3,"진지한, 중요한"
住宅,じゅうたく,"resident, housing",N3,"거주자, 주택"
集団,しゅうだん,"group, mass",N3,"단체, 대중"
集中,しゅうちゅう,"concentration, focusing the mind",N3,"집중, 마음을 집중하다"
収入,しゅうにゅう,"income, revenue",N3,"수입, 수익"
住民,じゅうみん,"inhabitants, residents",N3,"주민, 주민"
重要,じゅうよう,"important, essential",N3,"중요한, 필수적인"
修理,しゅうり,"repairing, mending",N3,"수리하다, 수선하다"
主義,しゅぎ,"doctrine, cause, principle",N3,"교리, 원인, 원리"
宿泊,しゅくはく,lodging,N3,하숙
手術,しゅじゅつ,surgical operation,N3,수술
首相,しゅしょう,Prime Minister,N3,총리
手段,しゅだん,"means, way, measure",N3,"수단, 방법, 측정"
主張,しゅちょう,"claim, insistence, assertion",N3,"주장, 주장, 주장"
出場,しゅつじょう,participation,N3,참여
出身,しゅっしん,come from,N3,출신
出版,しゅっぱん,publication,N3,출판
首都,しゅと,capital city,N3,수도
主婦,しゅふ,housewife,N3,주부
主要,しゅよう,"chief, main",N3,"수석, 주요"
需要,じゅよう,demand,N3,수요
種類,しゅるい,"variety, kind",N3,"다양하다, 친절하다"
順,じゅん,"order, turn",N3,"주문하다, 돌리다"
瞬間,しゅんかん,"moment, second",N3,"순간, 초"
順調,じゅんちょう,doing well,N3,잘 지내
順番,じゅんばん,"turn (in line), order of things",N3,"(일렬로) 차례, 사물의 순서"
使用,しよう,"use (same as 使うこと (つかうこと)), application, employment, utilization",N3,"용도(使уと(츠카우코토)와 동일), 신청, 고용, 활용"
小,しょう,small,N3,작은
章,しょう,"chapter, section; medal",N3,"장, 섹션; 메달"
賞,しょう,"prize, award",N3,"상, 수상"
上,じょう,first volume; superior quality; governmental,N3,첫 번째 볼륨; 우수한 품질; 정부
障害,しょうがい,"obstacle, impediment",N3,"장애물, 장애물"
奨学金,しょうがくきん,scholarship,N3,장학금
乗客,じょうきゃく,passenger,N3,승객
上京,じょうきょう,proceeding to the capital (Tokyo),N3,수도(도쿄)로 이동
状況,じょうきょう,"state of affairs, situation",N3,"상태, 상황"
条件,じょうけん,"conditions, terms",N3,"조건, 약관"
正午,しょうご,"noon, mid-day",N3,"정오, 정오"
正直,しょうじき,"honesty, integrity, frankness",N3,"정직, 성실, 솔직함"
常識,じょうしき,common sense,N3,상식
少女,しょうじょ,young girl,N3,젊은 처녀
少々,しょうしょう,a little; short (time) (formal for 少し (すこし)),N3,조금; 짧은 (시간)
症状,しょうじょう,"symptoms, condition",N3,"증상, 상태"
生じる,しょうじる,"to occur, to arise, to be generated",N3,"발생하다, 발생하다, 발생하다"
状態,じょうたい,"condition, situation",N3,"상태, 상황"
上達,じょうたつ,"improvement, advance",N3,"개선, 발전"
冗談,じょうだん,a joke,N3,농담
上等,じょうとう,"first class, very good",N3,"일등석, 아주 좋아"
衝突,しょうとつ,"collision, conflict",N3,"충돌, 갈등"
商人,しょうにん,"trader, shopkeeper, merchant",N3,"상인, 가게 주인, 상인"
承認,しょうにん,"recognition, approval",N3,"인정, 승인"
少年,しょうねん,"boys, juveniles",N3,"소년, 청소년"
商売,しょうばい,"trade, business, commerce",N3,"무역, 사업, 상업"
消費,しょうひ,"consumption, expenditure",N3,"소비, 지출"
商品,しょうひん,"commodity, merchandise",N3,"상품, 상품"
賞品,しょうひん,"prize, trophy",N3,"상금, 트로피"
消防,しょうぼう,"fire fighting, fire department",N3,"소방, 소방서"
情報,じょうほう,"information, (military) intelligence",N3,"정보, (군) 정보"
証明,しょうめい,"proof, verification",N3,"증명, 검증"
省略,しょうりゃく,"omission, abbreviation, abridgment",N3,"생략, 약어, 요약"
女王,じょおう,queen,N3,여왕
職,しょく,employment,N3,고용
職業,しょくぎょう,"occupation, business",N3,"직업, 사업"
食卓,しょくたく,dining table,N3,식탁
食品,しょくひん,foodstuff,N3,식료품
植物,しょくぶつ,"plant, vegetation",N3,"식물, 초목"
食物,しょくもつ,"food, foodstuff",N3,"식품, 식료품"
食欲,しょくよく,appetite (for food),N3,식욕 (음식에 대한)
食料,しょくりょう,food,N3,음식
食糧,しょくりょう,"provisions, rations",N3,"규정, 배급"
書斎,しょさい,"study, den",N3,"공부, 서재"
女子,じょし,"woman, girl",N3,"여자, 소녀"
助手,じょしゅ,"helper, assistant",N3,"도우미, 보조자"
徐々に,じょじょに,"slowly, little by little",N3,"천천히, 조금씩"
署名,しょめい,signature,N3,서명
書物,しょもつ,books,N3,서적
女優,じょゆう,actress,N3,여배우
処理,しょり,"processing, treatment, disposition",N3,"처리, 처리, 처분"
書類,しょるい,"documents, official papers",N3,"문서, 공문서"
知らせ,しらせ,notice,N3,알아채다
尻,しり,"buttocks, bottom",N3,"엉덩이, 밑"
知合い,しりあい,acquaintance,N3,아는 사람
印,しるし,mark; symbol; evidence,N3,표시; 상징; 증거
城,しろ,castle,N3,성
進学,しんがく,going on to university,N3,대학에 진학하다
神経,しんけい,"nerve, sensitivity",N3,"신경, 민감성"
真剣,しんけん,"seriousness, earnestness",N3,"진지함, 진지함"
信仰,しんこう,"(religious) faith, belief",N3,"(종교적인) 신앙, 신앙"
信号,しんごう,"traffic lights, signal, semaphore",N3,"신호등, 신호, 세마포어"
人工,じんこう,"artificial, man made, human work,",N3,"인공적인, 사람이 만든, 인간의 작품,"
深刻,しんこく,serious,N3,심각한
診察,しんさつ,medical examination (of a patient),N3,(환자의) 건강진단
人種,じんしゅ,race (of people),N3,인종(사람의)
信じる,しんじる,to believe,N3,믿다
人生,じんせい,"(human) life (e.g., conception to death)",N3,(인간) 생명(예: 임신에서 죽음까지)
親戚,しんせき,relative(s),N3,친척
新鮮,しんせん,fresh,N3,신선한
心臓,しんぞう,heart,N3,마음
身体,しんたい,the body,N3,몸
身長,しんちょう,"height (of body), stature",N3,"키(신체), 키"
慎重,しんちょう,"careful, prudent, cautious",N3,"신중하다, 신중하다, 신중하다"
審判,しんぱん,"umpire, referee, judgment",N3,"심판원, 심판원, 심판"
人物,じんぶつ,"character, personality, talented man",N3,"성격, 성격, 재능 있는 사람"
進歩,しんぽ,"improvement, progress, development",N3,"개선, 진보, 발전"
親友,しんゆう,"close friend, buddy",N3,"친한 친구, 친구"
信用,しんよう,"confidence, dependence",N3,"자신감, 의존성"
信頼,しんらい,"reliance, trust, confidence",N3,"의존, 신뢰, 자신감"
心理,しんり,mentality,N3,심리
人類,じんるい,"mankind, humanity",N3,"인류, 인류"
巣,す,"nest, breeding place",N3,"둥지, 번식지"
酢,す,vinegar,N3,식초
図,ず,"figure, drawing, illustration",N3,"그림, 그림, 일러스트레이션"
水準,すいじゅん,"level, standard",N3,"레벨, 표준"
推薦,すいせん,recommendation,N3,추천
スイッチ,スイッチ,switch,N3,스위치
睡眠,すいみん,sleep,N3,잠
数,すう,"number, figure",N3,"숫자, 숫자"
数字,すうじ,"numeral, figure",N3,"숫자, 그림"
スープ,スープ,(Western) soup,N3,(서양) 수프
末,すえ,"the end of, powder",N3,"끝, 가루"
姿,すがた,"figure, shape, appearance",N3,"모습, 모양, 모습"
スキー,スキー,ski,N3,스키
救う,すくう,"to rescue from, to help out of",N3,"~로부터 구출하다, 돕다"
すくなくとも,すくなくとも,at least,N3,적어도
優れる,すぐれる,"to surpass, to outstrip, to excel",N3,"능가하다, 능가하다, 능가하다"
スケート,スケート,"skate(s), skating",N3,"스케이트, 스케이트"
スケジュール,スケジュール,schedule,N3,일정
少しも,すこしも,"anything of, not one bit",N3,조금도 아닌 무엇이든
過ごす,すごす,"to pass, to spend (time)",N3,"(시간을) 보내다, 보내다"
筋,すじ,"muscle, string, line",N3,"근육, 끈, 선"
進める,すすめる,"to advance, to promote, to hasten",N3,"전진하다, 촉진하다, 서두르다"
勧める,すすめる,"to urge (someone) to do (something), to recommend",N3,"(누군가에게) (어떤 일을) 하라고 촉구하다, 추천하다"
スター,スター,star,N3,별
スタイル,スタイル,style,N3,스타일
スタンド,スタンド,stand,N3,서다
頭痛,ずつう,headache,N3,두통
ずっと,ずっと,for a long time; all the time; consecutively,N3,오랫동안; 항상; 연
すっぱい,すっぱい,"sour, acid",N3,"신맛, 산성"
すてき,すてき,"lovely, great",N3,"사랑스럽다, 훌륭하다"
既に,すでに,already (same as もう),N3,벌써 (も도 마찬가지)
すなわち,すなわち,"that is, namely, e.g.",N3,"즉, 예를 들어"
スピーチ,スピーチ,speech,N3,연설
全て,すべて,"all, the whole, entirely",N3,"전부, 전체, 완전히"
済ませる,すませる,to be finished,N3,끝나다
角,すみ,corner,N3,모서리
墨,すみ,ink,N3,잉크
すみません (かん),すみません (かん),"sorry, excuse me",N3,"미안, 실례해"
澄む,すむ,"to clear (e.g., weather), to become transparent",N3,"(날씨 등) 맑아지다, 투명해지다"
清む,すむ,"to clear (e.g., weather), to become transparent",N3,"(날씨 등) 맑아지다, 투명해지다"
刷る,する,to print,N3,인쇄하다
為る,する,"to do, to attempt",N3,"~을 하다, 시도하다"
鋭い,するどい,"pointed, sharp",N3,"뾰족한, 날카로운"
すれ違う,すれちがう,to pass by one another,N3,서로 지나가다
ずれる,ずれる,"move, off the point",N3,"움직여, 요점에서 벗어나"
正,せい,"(logical) true, regular",N3,"(논리적) 사실, 일반"
生,せい,birth,N3,출생
性,せい,"sex, gender",N3,"성별, 성별"
姓,せい,"surname, family name",N3,"성, 성"
所為,せい,"cause, reason, fault",N3,"원인, 이유, 결점"
税,ぜい,tax,N3,세
性格,せいかく,"character, personality",N3,"성격, 성격"
正確,せいかく,"accurate, punctuality, exact",N3,"정확한, 시간 엄수, 정확한"
世紀,せいき,century,N3,세기
請求,せいきゅう,"claim, demand, request",N3,"요구하다, 요구하다, 요구하다"
税金,ぜいきん,"tax, duty",N3,"세금, 의무"
清潔,せいけつ,clean,N3,깨끗한
制限,せいげん,"restriction, restraint, limitation",N3,"제한, 제지, 제한"
成功,せいこう,"success, hit",N3,"성공, 히트"
正式,せいしき,"official, formal",N3,"공식적인, 형식적인"
性質,せいしつ,"nature, property, disposition",N3,"성격, 재산, 처분"
精神,せいしん,"mind, soul, spirit",N3,"마음, 영혼, 영혼"
成人,せいじん,adult,N3,성인
精々,せいぜい,"at the most, at best",N3,"기껏해야, 기껏해야"
成績,せいせき,"grade (i.e., on a test), academic record",N3,"성적(예: 시험), 학업 기록"
製造,せいぞう,"manufacture, production",N3,"제조, 생산"
贅沢,ぜいたく,"luxury, extravagance",N3,"사치, 사치"
成長,せいちょう,growth,N3,성장
生長,せいちょう,growth,N3,성장
制度,せいど,"system, institution",N3,"시스템, 기관"
青年,せいねん,"youth, young man",N3,"젊음, 청년"
生年月日,せいねんがっぴ,birth date,N3,생년월일
製品,せいひん,"manufactured goods, finished goods",N3,"공산품, 완제품"
政府,せいふ,"government, administration",N3,"정부, 행정"
生物,せいぶつ,"living thing, organism",N3,"생물, 유기체"
生命,せいめい,life,N3,삶
整理,せいり,"sorting, arrangement",N3,"정렬, 배열"
咳,せき,cough,N3,기침
石炭,せきたん,coal,N3,석탄
責任,せきにん,"duty, responsibility",N3,"의무, 책임"
石油,せきゆ,"oil, petroleum, kerosene",N3,"석유, 석유, 등유"
世間,せけん,"world, society",N3,"세상, 사회"
説,せつ,theory,N3,이론
積極的,せっきょくてき,"positive, active, proactive",N3,"긍정적인, 적극적인, 적극적인"
設計,せっけい,"plan, design",N3,"계획, 디자인"
絶対,ぜったい,"definitely, without fail, absoluteness",N3,"확실히, 어김없이, 절대성"
セット,セット,set,N3,세트
愛,あい,love,N3,사랑
相変わらず,あいかわらず,"as ever, as usual",N3,"언제나처럼, 평소처럼"
愛情,あいじょう,"love, affection",N3,"사랑, 애정"
合図,あいず,"sign, signal",N3,"서명하다, 신호하다"
アイスクリーム,アイスクリーム,ice cream,N3,아이스크림
愛する,あいする,to love,N3,사랑하다
相手,あいて,partner; addressee; the person you are talking to,N3,파트너; 수신인; 당신과 이야기하고 있는 사람
あいにく,あいにく,unfortunately,N3,안타깝게도
遭う,あう,"to meet, to encounter (undesirable nuance)",N3,"만나다, 만나다 (바람직하지 않은 뉘앙스)"
アウト,アウト,out,N3,밖으로
明かり,あかり,"lamplight, light (in general)",N3,"등불, 빛 (일반적으로)"
空き,あき,"vacancy, opening, space",N3,"공석, 개방, 공간"
明らか,あきらか,"obvious, clear",N3,"명백한, 분명한"
諦める,あきらめる,"to give up, to abandon",N3,"포기하다, 포기하다"
飽きる,あきる,"to get tired of, to lose interest in",N3,"싫증내다, 흥미를 잃다"
握手,あくしゅ,handshake,N3,악수
悪魔,あくま,"devil, demon, evil spirit",N3,"악마, 악마, 악령"
明ける,あける,"to dawn, to become daylight",N3,"새벽이 되다, 대낮이 되다"
揚げる,あげる,"to lift, to fry",N3,"들어 올리다, 튀기다"
挙げる,あげる,"to raise; to list, to cite",N3,"키우다; 나열하다, 인용하다"
預かる,あずかる,to keep (something) for (someone),N3,(누군가)를 위해 (무엇)을 유지하다
預ける,あずける,"to give into custody, to deposit",N3,"구금하다, 예치하다"
汗,あせ,"sweat, perspiration",N3,"땀, 땀"
与える,あたえる,to give,N3,주다
温かい,あたたかい,warm,N3,따뜻한
暖まる,あたたまる,to warm up,N3,워밍업하다
温まる,あたたまる,"to warm oneself, to get warm",N3,"몸을 따뜻하게 하다, 몸을 따뜻하게 하다"
暖める,あたためる,"to warm (up to someone/something), to heat (up to someone/something)",N3,"(누군가/무엇에게) 따뜻하게 하다, (누군가/무엇에게) 따뜻하게 하다"
温める,あたためる,"to warm, to heat",N3,"따뜻하게 하다, 가열하다"
辺り,あたり,"vicinity, nearby",N3,"근처, 근처"
当たり前,あたりまえ,"usual, common, obvious",N3,"보통의, 흔한, 명백한"
当たる,あたる,"to be hit, to be successful",N3,"맞다, 성공하다"
あちこち,あちこち,here and there,N3,이리저리
扱う,あつかう,"to treat, to handle, to deal with",N3,"다루다, 처리하다, 처리하다"
集まり,あつまり,"gathering, meeting, collection",N3,"모임, 모임, 수집"
当てる,あてる,to hit; to apply to,N3,치다; 신청하다
跡,あと,trace; remains; scar,N3,추적하다; 유적; 흉터
穴,あな,hole,N3,구멍
油,あぶら,oil,N3,기름
脂,あぶら,fat,N3,지방
誤り,あやまり,error,N3,오류
粗,あら,"defect, flaw, fault",N3,"결점, 결점, 결점"
嵐,あらし,storm,N3,폭풍
争う,あらそう,"to dispute, to argue, to fight",N3,"논쟁하다, 논쟁하다, 싸우다"
新た,あらた,"new, fresh",N3,"새로운, 신선한"
あらゆる,あらゆる,"all, every",N3,"모두, 매"
表す,あらわす,"to express, to show",N3,"표현하다, 보여주다"
現す,あらわす,"to show, to appear, to reveal",N3,"보여주다, 나타나다, 드러내다"
著す,あらわす,"to write, to publish",N3,"집필하다, 출판하다"
現れ,あらわれ,"expression, indication, sign",N3,"표현, 표시, 기호"
現れる,あらわれる,"to appear (v.i.), to become visible; to express",N3,"나타나다 (v.i.), 눈에 띄게 되다; 표현하다"
ありがとう,ありがとう,Thank you,N3,감사합니다
在る; 有る,ある,"to live, to be, to exist",N3,"살아가다, 존재하다, 존재하다"
或,ある,"a certain..., some...",N3,"특정..., 일부..."
あるいは,あるいは,"or, perhaps",N3,아니면 아마도
アルバム,アルバム,album,N3,앨범
泡,あわ,"bubble, foam",N3,"거품, 거품"
合わせる,あわせる,to combine,N3,결합하다
慌てる,あわてる,to become confused、to panic,N3,"당황하다, 당황하다"
哀れ,あわれ,"helpless, pity, pathetic",N3,"무력한, 불쌍한, 한심한"
案,あん,"plan, scheme, proposal",N3,"계획, 계획, 제안"
案外,あんがい,unexpectedly,N3,뜻밖에
暗記,あんき,"memorization, learning by heart",N3,"암기, 마음으로 학습"
安定,あんてい,"stability, equilibrium",N3,"안정성, 균형"
あんなに,あんなに,"to that extent, to that degree",N3,"그 정도, 그 정도"
あんまり,あんまり,"not very, not much",N3,"별로, 별로"
胃,い,stomach,N3,위
委員,いいん,committee member,N3,위원회 위원
意外,いがい,"unexpected, surprising",N3,"예상치 못한, 놀라운"
行き,いき,going,N3,가고 있다
行き,ゆき,going,N3,가고 있다
息,いき,breath,N3,호흡
勢い,いきおい,"force, vigor, momentum",N3,"힘, 활력, 추진력"
生き物,いきもの,"living thing, creature",N3,"생물, 생물"
いけない,いけない,"must not do, bad, wrong",N3,"하지 말아야 할 것, 나쁜 것, 잘못된 것"
医師,いし,"doctor, physician",N3,"의사, 의사"
意思,いし,"intention, purpose",N3,"의도, 목적"
意志,いし,"will, volition",N3,"의지, 의지"
維持,いじ,"maintenance, preservation",N3,"유지, 보존"
意識,いしき,"consciousness, senses",N3,"의식, 감각"
異常,いじょう,"strangeness, abnormality, disorder",N3,"이상함, 이상함, 무질서"
意地悪,いじわる,"malicious, mean, unkind",N3,"악의적인, 못된, 불친절한"
泉,いずみ,"spring, fountain",N3,"봄, 분수"
いずれ,いずれ,"where, which, who",N3,"어디서, 어느, 누구"
以前,いぜん,in the past; before,N3,과거에; ~ 전에
板,いた,"board, plank",N3,"판자, 판자"
偉大,いだい,greatness,N3,위대
抱く,いだく,"to hold (v.t.) (written expression), to embrace, to harbor",N3,"붙잡다 (v.t.) (서면 표현), 포옹하다, 품다"
いたずら,いたずら,"trick, practical joke",N3,"속임수, 장난"
いただきます,いただきます,expression of gratitude before meals,N3,식사 전 감사의 표현
痛み,いたみ,"pain, ache, sore",N3,"고통, 아프다, 아프다"
至る,いたる,"to come, to arrive",N3,"오다, 도착하다"
市,いち,"market, fair",N3,"시장, 박람회"
位置,いち,"place, position",N3,"장소, 위치"
一時,いちじ,"for a time, temporarily",N3,"한동안, 일시적으로"
一度に,いちどに,all at once,N3,한꺼번에
市場,いちば,"market, bazaar",N3,"시장, 바자회"
いつか,いつか,"sometime, one day",N3,"언젠가, 언젠가"
一家,いっか,"family, clan",N3,"가족, 씨족"
一種,いっしゅ,"a species, a kind, a variety",N3,"종, 종류, 다양성"
一瞬,いっしゅん,"a moment, an instant",N3,"순간, 순간"
一生,いっしょう,throughout (one's) life,N3,(사람의) 일생 동안
一層,いっそう,"much more, still more",N3,"훨씬 더, 훨씬 더"
一体,いったい,one object; body; what on earth?; generally,N3,하나의 개체; 몸; 도대체 뭐야?; 일반적으로
一致,いっち,agreement; conformity,N3,합의; 적합성
いつでも,いつでも,"(at) any time, always",N3,"(at) 언제든지, 언제나"
いつのまにか,いつのまにか,before one knows,N3,알기도 전에
一般,いっぱん,"general, average",N3,"일반, 평균"
一方,いっぽう,on the other hand; meanwhile,N3,반면에; 그 동안에
いつまでも,いつまでも,"forever, for good, eternally",N3,"영원히, 영원히, 영원히"
移動,いどう,"migration, movement",N3,"이주, 이동"
従兄弟,いとこ,cousin (male),N3,사촌(남자)
従姉妹,いとこ,cousin (female),N3,사촌(여)
稲,いね,rice-plant,N3,벼
居眠り,いねむり,"dozing, nodding off",N3,"졸다, 꾸벅꾸벅 졸다"
命,いのち,life,N3,삶
違反,いはん,"violation (of law), infringement",N3,"(법률을) 위반하다, 위반하다"
衣服,いふく,clothes,N3,옷
居間,いま,living room,N3,거실
今に,いまに,"before long, soon",N3,"머지않아, 곧"
今にも,いまにも,"at any time, soon",N3,"언제든지, 곧"
イメージ,イメージ,one's image,N3,자신의 이미지
否,いや,"no, the noes",N3,"아니, 아니"
以来,いらい,"since, henceforth",N3,"이후로, 앞으로"
依頼,いらい,request; dependence,N3,요구; 의존
いらいら,いらいら,"getting nervous, irritation",N3,"긴장, 짜증"
いらっしゃい,いらっしゃい,welcome,N3,환영
医療,いりょう,"medical care, medical treatment",N3,"의료, 진료"
岩,いわ,rock,N3,바위
祝い,いわい,"celebration, festival",N3,"축하, 축제"
祝う,いわう,"to congratulate, to celebrate",N3,"축하하다, 축하하다"
言わば,いわば,so to speak,N3,말하자면
いわゆる,いわゆる,"the so-called, so-to-speak",N3,"이른바, 말하자면"
インク,インク,ink,N3,잉크
印刷,いんさつ,printing,N3,인쇄
印象,いんしょう,impression,N3,인상
引退,いんたい,retirement,N3,퇴직
インタビュー,インタビュー,interview,N3,회견
引用,いんよう,"quotation, citation",N3,"인용, 인용"
ウイスキー,ウイスキー,whiskey,N3,위스키
上,うわ,"upper, outer, surface",N3,"상부, 외부, 표면"
魚,うお,fish,N3,물고기
うがい,うがい,gargling,N3,양치질
受け取る,うけとる,"to receive, to get, to accept",N3,"받다, 받다, 받아들이다"
動かす,うごかす,"to move, to shift",N3,"움직이다, 이동하다"
兎,うさぎ,"rabbit, hare",N3,"토끼, 토끼"
牛,うし,"cattle, cow",N3,"소, 소"
失う,うしなう,"to lose, to part with",N3,"잃다, 헤어지다"
疑う,うたがう,"to doubt, to distrust",N3,"의심하다, 불신하다"
宇宙,うちゅう,"universe, cosmos, space",N3,"우주, 코스모스, 우주"
討つ,うつ,"to attack, to avenge",N3,"공격하다, 복수하다"
撃つ,うつ,"to attack, to shoot",N3,"공격하다, 쏘다"
うっかり,うっかり,carelessly; inadvertently,N3,마구; 무심코
映す,うつす,"to project, to reflect, to cast (shadow)",N3,"투사하다, 반사하다, 투사하다(그림자)"
訴える,うったえる,"to complain, to appeal, to sue (a person)",N3,"(사람을) 고소하다, 항소하다, 고소하다"
写る,うつる,"to be photographed, to be projected",N3,"사진을 찍다, 투영하다"
映る,うつる,"to be reflected, to come out (photo)",N3,"비치다, 나오다 (사진)"
うなる,うなる,"to groan, to moan",N3,"신음하다, 신음하다"
奪う,うばう,"to rob, to deprive",N3,"빼앗다, 빼앗다"
馬,うま,horse; promoted bishop (in Japanese chess known as shogi),N3,말; 주교로 승격됨(일본 체스에서는 장기라고 함)
生まれ,うまれ,"birth, birth-place",N3,"출생, 출생지"
有無,うむ,"yes or no, presence or absence",N3,"예 또는 아니오, 존재 또는 부재"
梅,うめ,"plum, lowest (of a three-tier ranking system)",N3,"매실, 가장 낮은 (3단계 순위 시스템 중)"
埋める,うめる,"to bury, to fill up, to fill (a seat, a vacant position)",N3,"(자리, 빈 자리를) 채우다, 채우다, 채우다"
裏切る,うらぎる,"to betray, to turn traitor",N3,"배신하다, 배신자로 변하다"
羨ましい,うらやましい,"envious, enviable",N3,"부러워하다, 부러워하다"
売れる,うれる,to be sold,N3,판매될
噂,うわさ,"rumor, gossip",N3,"소문, 가십"
運,うん,"fortune, luck",N3,"행운, 행운"
運転,うんてん,"operation, driving",N3,"조작, 운전"
柄,え,"handle (of a sword, dagger, etc.), grip",N3,"(칼, 단검 등의) 손잡이, 손잡이"
永遠,えいえん,"eternity, perpetuity, immortality",N3,"영원, 영속, 불멸"
永久,えいきゅう,"eternity, perpetuity, immortality",N3,"영원, 영속, 불멸"
影響,えいきょう,"influence, effect",N3,"영향, 효과"
営業,えいぎょう,"business, trade, management",N3,"사업, 무역, 경영"
衛星,えいせい,satellite,N3,위성
栄養,えいよう,"nutrition, nourishment",N3,"영양, 영양"
笑顔,えがお,smile (on one's face),N3,(얼굴에) 미소를 짓다
描く,えがく,"to draw, to depict, to describe",N3,"그리다, 묘사하다, 묘사하다"
餌,えさ,"feed, bait",N3,"먹이, 미끼"
エネルギー,エネルギー,energy (GER: energie),N3,에너지 (GER: 에너지)
得る,える,"to get, to gain, to win, to learn",N3,"얻다, 얻다, 이기다, 배우다"
得る,うる,"to get, to gain, to win",N3,"얻다, 얻다, 이기다"
円,えん,"circle, yen",N3,"원, 엔"
延期,えんき,"postponement, adjournment",N3,"연기, 연기"
演技,えんぎ,"acting, performance",N3,"연기, 퍼포먼스"
援助,えんじょ,"assistance, aid, support",N3,"도움, 원조, 지원"
エンジン,エンジン,engine,N3,엔진
演説,えんぜつ,"speech, address",N3,"연설, 주소"
演奏,えんそう,musical performance,N3,연주
老い,おい,"old age, the aged",N3,"노년, 노인"
追い付く,おいつく,"to overtake, to catch up (with)",N3,"따라잡다, 따라잡다 (~를)"
王,おう,king,N3,왕
追う,おう,"to chase, to run after",N3,"쫓다, 뒤쫓다"
応援,おうえん,"aid, assistance, help",N3,"원조, 도움, 도움"
王様,おうさま,king,N3,왕
王子,おうじ,prince,N3,왕자
応じる,おうじる,"to adapt, to respond, to comply with",N3,"적응하다, 대응하다, 준수하다"
横断,おうだん,crossing,N3,횡단
終える,おえる,to finish,N3,끝내다
大いに,おおいに,"much, considerably (same as 大? (たいへん)), greatly",N3,"많이, 상당히 (大? (たいへん)과 동일), 크게"
覆う,おおう,"to cover, to hide, to conceal",N3,"가리다, 숨기다, 감추다"
大家,おおや,landlord,N3,주인
丘,おか,"hill, height",N3,"언덕, 높이"
沖,おき,open sea,N3,넓은 바다
奥,おく,"interior, inner part",N3,"내부, 내부 부분"
贈る,おくる,"to present, to give to, to award to",N3,"선물하다, 주다, 수여하다"
起こる,おこる,"to occur, to happen",N3,"발생하다, 발생하다"
押える,おさえる,"to stop, to restrain, to press down",N3,"멈추다, 제지하다, 누르다"
幼い,おさない,"very young, childish",N3,"아주 어리다, 유치하다"
収める,おさめる,"to store to pay, to supply",N3,"저장하다, 지불하다, 공급하다"
納める,おさめる,"to store to pay, to supply",N3,"저장하다, 지불하다, 공급하다"
治める,おさめる,"to govern, to manage; to subdue",N3,"통치하다, 관리하다; 제압하다"
お辞儀,おじぎ,bow,N3,절하다
お洒落,おしゃれ,"smartly dressed, fashion-conscious",N3,"세련된 옷차림, 패션에 민감한"
お喋り,おしゃべり,"chattering, talk",N3,"수다쟁이, 이야기하다"
汚染,おせん,"pollution, contamination",N3,"오염, 오염"
恐らく,おそらく,perhaps,N3,아마도
恐れる,おそれる,"to fear, to be afraid of",N3,"두려워하다, 두려워하다"
恐ろしい,おそろしい,"terrible, dreadful",N3,"끔찍한, 무서운"
教わる,おそわる,to be taught,N3,가르쳐지다
お互い,おたがい,"mutual, reciprocal, each other",N3,"상호적인, 상호적인, 서로"
穏やか,おだやか,"calm, gentle, quiet",N3,"차분하다, 온화하다, 조용하다"
男の人,おとこのひと,man,N3,남성
大人しい,おとなしい,"obedient, docile, quiet",N3,"순종적인, 유순한, 조용한"
劣る,おとる,"to fall behind, to be inferior to",N3,"뒤쳐지다, 뒤쳐지다"
鬼,おに,"ogre, demon, 'it' (e.g.,in a game of tag)",N3,"오우거, 악마, '그것'(예: 태그 게임에서)"
帯,おび,"band, sash",N3,"밴드, 새시"
お昼,おひる,"lunch, noon",N3,"점심, 정오"
オフィス,オフィス,office,N3,사무실
溺れる,おぼれる,"to be drowned, to indulge in",N3,"익사하다, 탐닉하다"
お前,おまえ,"you (sing), presence (of a high personage)",N3,"당신(노래하다), 존재(고귀한 인물)"
おめでとう,おめでとう,"Congratulations!, an auspicious occasion!",N3,"축하합니다!, 경사스러운 행사입니다!"
お目に掛かる,おめにかかる,"meet ~, see ~",N3,"~를 만나다, ~를 만나다"
思い付く,おもいつく,"to think of, to hit upon",N3,"생각하다, 부딪치다"
思い出,おもいで,"memories, recollections, reminiscence",N3,"기억, 추억, 회상"
主に,おもに,"mainly, primarily",N3,"주로, 주로"
思わず,おもわず,"unintentional, spontaneous",N3,"의도하지 않은, 즉흥적인"
泳ぎ,およぎ,swimming,N3,수영
およそ,およそ,"about, roughly, approximately",N3,"대략, 대략, 대략"
及ぼす,およぼす,"to exert, to cause, to exercise",N3,"발휘하다, 유발하다, 운동시키다"
下す,おろす,"to lower, to let go down",N3,"낮추다, 내리게 하다"
降ろす,おろす,"to take down, to launch, to drop",N3,"쓰러뜨리다, 발사하다, 떨어뜨리다"
卸す,おろす,"to sell wholesale, grated (vegetables)",N3,"도매 판매, 갈은 것 (야채)"
音,おん,"sound, note",N3,"소리, 메모"
恩,おん,"favor, obligation, debt of gratitude",N3,"호의, 의무, 감사의 빚"
温暖,おんだん,warmth,N3,따뜻함
温度,おんど,temperature,N3,온도
可,か,passable,N3,상당한
蚊,か,mosquito,N3,모기
課,か,"department, division",N3,"부서, 부문"
カー,カー,car,N3,자동차
カード,カード,"card, curd",N3,"카드, 두부"
貝,かい,"shell, shellfish",N3,"조개, 조개"
害,がい,"harm, damage",N3,"피해, 손상"
会員,かいいん,"member, the membership",N3,"회원, 회원"
絵画,かいが,"picture, painting",N3,"그림, 그림"
海外,かいがい,"foreign, abroad, overseas",N3,"외국, 해외, 해외"
会計,かいけい,"account, finance",N3,"회계, 금융"
解決,かいけつ,"settlement, solution, resolution",N3,"해결, 해결, 결의"
会合,かいごう,"meeting, assembly",N3,"회의, 집회"
外交,がいこう,diplomacy,N3,외교
開始,かいし,"start, commencement, beginning",N3,"시작하다, 시작하다, 시작하다"
解釈,かいしゃく,"explanation, interpretation",N3,"설명, 해석"
外出,がいしゅつ,"outing, going out",N3,"나들이, 외출"
改善,かいぜん,"betterment, improvement",N3,"개선, 개선"
快適,かいてき,"pleasant, agreeable",N3,"기분 좋은, 기분 좋은"
回復,かいふく,"recovery (from illness), rehabilitation, restoration",N3,"(질병으로부터의) 회복, 재활, 회복"
飼う,かう,to keep; to own (a pet); to raise; to feed,N3,유지하다; (애완동물을) 소유하다; 키우다; 먹이를 주다
帰す,かえす,to send back,N3,다시 보내다
代える,かえる,"to exchange, to interchange, to substitute",N3,"교환하다, 교환하다, 대체하다"
替える,かえる,"to exchange, to interchange, to substitute",N3,"교환하다, 교환하다, 대체하다"
換える,かえる,"to exchange, to interchange, to substitute",N3,"교환하다, 교환하다, 대체하다"
反る,かえる,"to warp, to be warped, to curve",N3,"휘어지다, 휘어지다, 휘어지다"
香り,かおり,"aroma, fragrance",N3,"아로마, 향수"
画家,がか,painter,N3,화가
抱える,かかえる,to hold or carry under or in the arms,N3,안거나 팔에 안고 들고 다니다
価格,かかく,"price, value",N3,"가격, 가치"
化学,かがく,chemistry,N3,화학
輝く,かがやく,"to shine, to glitter, to sparkle",N3,"빛나다, 반짝거리다, 반짝거리다"
係,かかり,person in charge,N3,담당자
罹る,かかる,to suffer from,N3,고통을 받다
限る,かぎる,"to restrict, to limit, to confine",N3,"제한하다, 제한하다, 제한하다"
掻く,かく,to scratch,N3,긁다
描く,かく,"to draw, to depict, to describe",N3,"그리다, 묘사하다, 묘사하다"
嗅ぐ,かぐ,"to sniff, to smell",N3,"냄새를 맡다, 냄새를 맡다"
家具,かぐ,furniture,N3,가구
学,がく,"learning, knowledge",N3,"학습, 지식"
額,がく,amount; frame,N3,양; 액자
覚悟,かくご,"resolution, resignation, readiness",N3,"결심, 사임, 준비"
確実,かくじつ,"certainty, reliability, soundness",N3,"확실성, 신뢰성, 건전성"
学者,がくしゃ,scholar,N3,학자
学習,がくしゅう,"study, learning",N3,"공부하다, 배우다"
隠す,かくす,"to hide, to conceal",N3,"숨기다, 숨기다"
拡大,かくだい,"magnification, enlargement",N3,"확대, 확대"
確認,かくにん,"affirmation, confirmation",N3,"긍정, 확인"
学問,がくもん,"scholarship, study, learning",N3,"장학금, 공부, 배움"
隠れる,かくれる,"to hide, to be hidden",N3,"숨기다, 숨겨지다"
影,かげ,"shade, shadow, other side",N3,"그늘, 그림자, 반대편"
陰,かげ,"shade, shadow, other side",N3,"그늘, 그림자, 반대편"
欠ける,かける,to be lacking,N3,부족하다
加減,かげん,adjustment; addition and subtraction,N3,조정; 덧셈과 뺄셈
過去,かこ,past,N3,과거
籠,かご,"basket, cage",N3,"바구니, 케이지"
囲む,かこむ,"to surround, to encircle",N3,"둘러싸다, 둘러싸다"
火災,かさい,"conflagration, fire",N3,"화재, 화재"
重なる,かさなる,"to be piled up, lie on top of one another",N3,"쌓이다, 겹겹이 쌓이다"
重ねる,かさねる,"to pile up, to put something on another, to heap up",N3,"쌓다, 다른 것 위에 쌓다, 쌓다"
飾り,かざり,decoration,N3,장식
貸し,かし,"loan, lending",N3,"대출, 대출"
菓子,かし,"confectionery, sweet",N3,"과자, 달콤한"
家事,かじ,household matters; housework (same as 家の仕事 (いえのしごと)),N3,가사 문제; 가사 (いえのしごと)와 동일)
賢い,かしこい,"wise, clever, smart",N3,"현명한, 영리한, 똑똑한"
歌手,かしゅ,singer,N3,가수
数,かず,"number, figure, amount",N3,"숫자, 숫자, 양"
稼ぐ,かせぐ,"to earn income, to labor",N3,"수입을 올리다, 노동하다"
数える,かぞえる,to count,N3,계산하다
型,かた,"mold, model, style",N3,"틀, 모델, 스타일"
肩,かた,shoulder,N3,어깨
堅い,かたい,"hard, firm, solid",N3,"단단한, 확고한, 견고한"
硬い,かたい,"hard, firm, solid",N3,"단단한, 확고한, 견고한"
方々,かたがた,persons,N3,명
片付く,かたづく,"to put in order, to solve",N3,"정리하다, 해결하다"
刀,かたな,"sword, saber",N3,"검, 세이버"
語る,かたる,"to talk, to tell, to recite",N3,"말하다, 말하다, 암송하다"
勝ち,かち,"win, victory",N3,"승리, 승리"
価値,かち,"value, worth, merit",N3,"가치, 가치, 장점"
がっかり,がっかり,"feel disappointed, be dejected, lose heart",N3,"실망하다, 낙담하다, 낙담하다"
活気,かっき,vigor; liveliness; vitality; energy,N3,활기; 명랑; 활력; 에너지
楽器,がっき,musical instrument,N3,악기
学期,がっき,term (school),N3,학기 (학교)
活動,かつどう,"action, activity",N3,"행동, 활동"
活躍,かつやく,activity,N3,활동
活用,かつよう,conjugation; practical use,N3,활용; 실제 사용
仮定,かてい,"assumption, supposition, hypothesis",N3,"가정, 가정, 가설"
過程,かてい,process,N3,프로세스
課程,かてい,"course, curriculum",N3,"코스, 커리큘럼"
悲しむ,かなしむ,"to be sad, to mourn for, to regret",N3,"슬퍼하다, 슬퍼하다, 후회하다"
必ずしも,かならずしも,"(not) always, (not) necessarily",N3,"(아님) 항상, (아님) 반드시"
かなり,かなり,"considerably, fairly, quite",N3,"상당히, 상당히, 꽤"
金,かね,"gold, metal; money",N3,"금, 금속; 돈"
鐘,かね,"bell, chime",N3,"벨, 차임"
可能,かのう,"possible, practicable, feasible",N3,"가능한, 실행 가능한, 실행 가능한"
株,かぶ,stock; stump (of tree),N3,재고; 그루터기(나무의)
被る,かぶる,to wear; to be covered with,N3,입다; 덮다
我慢,がまん,"patience, endurance, perseverance",N3,"인내, 인내, 끈기"
上,かみ,first volume; superior quality; governmental,N3,첫 번째 볼륨; 우수한 품질; 정부
神,かみ,god,N3,하나님
雷,かみなり,thunder,N3,우뢰
髪の毛,かみのけ,hair (head),N3,머리(머리)
科目,かもく,"(school) subject, curriculum, course",N3,"(학교) 과목, 커리큘럼, 코스"
かもしれない,かもしれない,"maybe, perhaps",N3,"아마도, 어쩌면"
かゆい,かゆい,"itchy, itching",N3,"가려움증, 가려움증"
歌謡,かよう,"song, ballad",N3,"노래, 발라드"
空,から,empty,N3,비어 있는
殻,から,"shell, husk, hull",N3,"껍질, 껍질, 선체"
柄,がら,pattern; build; character,N3,무늬; 짓다; 성격
刈る,かる,"to cut (hair), to mow (grass), to harvest",N3,"(머리카락을) 자르다, 깎다 (풀), 수확하다"
河,かわ,"river, stream",N3,"강, 시내"
皮,かわ,"skin, hide, leather",N3,"피부, 숨기기, 가죽"
革,かわ,leather,N3,가죽
可愛そう,かわいそう,"poor, pitiable, pathetic",N3,"가난한, 불쌍한, 한심한"
可愛らしい,かわいらしい,"lovely, sweet",N3,"사랑스러운, 달콤한"
乾かす,かわかす,to dry,N3,말리다
渇く,かわく,to be thirsty,N3,목마르다
代る,かわる,"to take the place of, to relieve, to be substituted for",N3,"~을 대신하다, 대신하다, 대신하다"
缶,かん,"can, tin",N3,"캔, 주석"
勘,かん,"perception, intuition, the sixth sense",N3,"지각, 직관, 육감"
考え,かんがえ,"thinking, thought, ideas",N3,"생각, 생각, 아이디어"
感覚,かんかく,"sense, sensation",N3,"감각, 감각"
間隔,かんかく,"space, interval, SPC",N3,"공간, 간격, SPC"
観客,かんきゃく,"audience, spectator(s)",N3,"청중, 관중"
環境,かんきょう,"environment, circumstance",N3,"환경, 상황"
歓迎,かんげい,"welcome, reception",N3,"환영, 리셉션"
観光,かんこう,sightseeing,N3,관광
観察,かんさつ,"observation, survey",N3,"관찰, 조사"
感じ,かんじ,"feeling, sense, impression",N3,"느낌, 감각, 인상"
感謝,かんしゃ,"thanks, gratitude",N3,"감사합니다, 감사합니다"
患者,かんじゃ,patient,N3,인내심 있는
勘定,かんじょう,"calculation, counting, consideration",N3,"계산, 계산, 고려"
感情,かんじょう,"emotion(s), feeling(s), sentiment",N3,"감정(들), 느낌(들), 정서"
感じる,かんじる,"to feel, to sense",N3,"느끼다, 감지하다"
感心,かんしん,admiration,N3,감탄
関心,かんしん,"concern, interest",N3,"관심, 관심"
関する,かんする,"to concern, to be related",N3,"걱정하다, 관련되다"
完成,かんせい,"complete, completion; perfection",N3,"완료, 완료; 완전"
完全,かんぜん,"perfection, completeness",N3,"완벽함, 완전함"
乾燥,かんそう,"dry, arid, dehydrated",N3,"건조한, 건조한, 탈수된"
感想,かんそう,"(one's) impressions, (one's) thoughts",N3,"(사람의) 인상, (사람의) 생각"
感動,かんどう,"being deeply moved, excitement",N3,"깊은 감동, 설렘"
監督,かんとく,"supervision, control, (movie) director",N3,"감독, 통제, (영화)감독"
管理,かんり,"control, management (e.g., of a business)",N3,"통제, 관리(예: 사업)"
完了,かんりょう,"completion, conclusion",N3,"완성, 결론"
関連,かんれん,"relation, connection, relevance",N3,"관계, 연결, 관련성"
議員,ぎいん,"member of the Diet, congress, or parliament",N3,"국회의원, 국회의원, 국회의원"
記憶,きおく,"memory, recollection, remembrance",N3,"기억, 회상, 추억"
気温,きおん,temperature (weather - not used for things),N3,온도 (날씨 - 사물에는 사용되지 않음)
機械,きかい,"machine, machinery",N3,"기계, 기계류"
器械,きかい,instrument,N3,기구
議会,ぎかい,"Diet, congress, parliament",N3,"국회, 국회, 국회"
期間,きかん,"period, term",N3,"기간, 기간"
機関,きかん,"engine; institution, organization",N3,"엔진; 기관, 조직"
企業,きぎょう,"industry, business, undertaking",N3,"산업, 사업, 사업"
効く,きく,to be effective,N3,효과적이다
期限,きげん,"deadline, term",N3,"마감일, 기간"
機嫌,きげん,"humor, temper, mood",N3,"유머, 기분, 기분"
気候,きこう,climate,N3,기후
岸,きし,"bank, coast, shore",N3,"은행, 해안, 해안"
生地,きじ,fabric; dough,N3,구조; 가루 반죽
記事,きじ,"article, news story",N3,"기사, 뉴스 기사"
技師,ぎし,"engineer, technician",N3,"엔지니어, 기술자"
記者,きしゃ,reporter,N3,보고자
傷,きず,"wound, injury, hurt",N3,"상처, 부상, 상처"
期待,きたい,"expectation, anticipation, hope",N3,"기대, 기대, 희망"
気体,きたい,"vapor, gas",N3,"증기, 가스"
帰宅,きたく,returning home,N3,집으로 돌아가다
貴重,きちょう,"precious, valuable",N3,"귀중한, 귀중한"
議長,ぎちょう,chairman,N3,의장
きちんと,きちんと,"precisely, accurately",N3,"정확하게, 정확하게"
きつい,きつい,"tight, close, intense",N3,"단단한, 가까운, 강렬한"
気付く,きづく,"to notice, to recognize, to become aware of",N3,"알아채다, 인식하다, 알아차리다"
気に入る,きにいる,"to like, to be please",N3,"좋아하다, 부탁하다"
記入,きにゅう,"entry, filling in of forms",N3,"입력, 양식 작성"
記念,きねん,"commemoration, memory",N3,"기념, 기억"
機能,きのう,"function, faculty",N3,"기능, 교수진"
気の毒,きのどく,"pitiful, a pity",N3,"불쌍하다, 불쌍하다"
寄付,きふ,"contribution, donation",N3,"기부, 기부"
希望,きぼう,"hope, wish, aspiration",N3,"희망, 소원, 포부"
基本,きほん,"basic, basis",N3,"기본, 기초"
決まり,きまり,"settlement, conclusion, rule",N3,"해결, 결론, 규칙"
気味,きみ,"-like, -looking, -looked",N3,"-처럼, -보고, -보는"
奇妙,きみょう,"strange, queer, curious",N3,"이상한, 이상한, 이상한"
義務,ぎむ,"duty, obligation, responsibility",N3,"의무, 의무, 책임"
疑問,ぎもん,"question, problem, doubt",N3,"질문, 문제, 의심"
逆,ぎゃく,"reverse, opposite",N3,"반대, 반대"
キャプテン,キャプテン,captain,N3,선장
キャンプ,キャンプ,camp,N3,캠프
旧,きゅう,ex-,N3,전-
級,きゅう,"class, grade, rank",N3,"클래스, 등급, 직급"
球,きゅう,"globe, sphere, ball",N3,"지구본, 구, 공"
休暇,きゅうか,"vacation, holiday, day off",N3,"휴가, 휴일, 쉬는 날"
休憩,きゅうけい,"rest, break, intermission",N3,"휴식, 휴식, 휴식"
急激,きゅうげき,"sudden, precipitous, radical",N3,"갑작스러운, 급격한, 급진적인"
吸収,きゅうしゅう,"absorption, suction",N3,"흡수, 흡입"
救助,きゅうじょ,"relief, aid, rescue",N3,"구호, 원조, 구조"
急速,きゅうそく,"rapid (e.g., progress)",N3,빠른 (예: 진행)
休息,きゅうそく,"rest, relief, relaxation",N3,"휴식, 안도감, 휴식"
急に,きゅうに,suddenly,N3,갑자기
給料,きゅうりょう,"salary, wages",N3,"급여, 임금"
器用,きよう,"skillful, handy",N3,"능숙한, 편리한"
教科書,きょうかしょ,textbook,N3,교과서
競技,きょうぎ,"game, match, contest",N3,"시합, 시합, 시합"
行儀,ぎょうぎ,manners,N3,예의
供給,きょうきゅう,"supply, provision",N3,"공급, 제공"
教授,きょうじゅ,"teaching, instruction; professor",N3,"가르침, 교육; 교수"
強調,きょうちょう,"emphasis, stress, stressed point",N3,"강조, 강세, 강조점"
共通,きょうつう,"commonness, mutual",N3,"공통성, 상호성"
共同,きょうどう,"cooperation, association, collaboration",N3,"협력, 연합, 협동"
恐怖,きょうふ,"fear, terror",N3,"두려움, 공포"
協力,きょうりょく,"cooperation, collaboration",N3,"협력, 협력"
強力,きょうりょく,"powerful, strong",N3,"강력한, 강한"
許可,きょか,"permission, approval",N3,"허가, 승인"
局,きょく,"office, bureau, station(TV, radio)",N3,"사무실, 국, 방송국(TV, 라디오)"
巨大,きょだい,"huge, gigantic, enormous",N3,"거대하다, 거대하다, 거대하다"
嫌う,きらう,"to hate, to dislike, to loathe",N3,"미워하다, 싫어하다, 싫어하다"
霧,きり,"fog, mist",N3,"안개, 미스트"
切れ,きれ,"cloth, piece, cut",N3,"천, 조각, 컷"
切れる,きれる,"to cut well, to be sharp; to break (off)",N3,"잘 자르다, 날카롭게하다; (해제하다) 끊다"
記録,きろく,"record, minutes, document",N3,"기록, 회의록, 문서"
議論,ぎろん,"argument, discussion, dispute",N3,"논쟁, 토론, 논쟁"
金,きん,"gold, metal; money",N3,"금, 금속; 돈"
銀,ぎん,silver,N3,은
禁煙,きんえん,No Smoking,N3,금연
金額,きんがく,amount of money,N3,돈의 양
金庫,きんこ,"safe, vault",N3,"금고, 금고"
禁止,きんし,"prohibition, ban",N3,"금지하다, 금지하다"
金銭,きんせん,"money, cash",N3,"돈, 현금"
金属,きんぞく,metal,N3,금속
近代,きんだい,modern times,N3,현대
緊張,きんちょう,"tension, mental strain, nervousness",N3,"긴장, 정신적 긴장, 초조함"
筋肉,きんにく,"muscle, sinews",N3,"근육, 힘줄"
金融,きんゆう,"finance, money and banking",N3,"금융, 돈과 은행업"
句,く,phrase,N3,구절
食う,くう,(male) (vulg.) to eat,N3,(남성) (저속어) 먹다
偶然,ぐうぜん,"(by) chance, unexpectedly",N3,"() 우연히, 뜻밖에도"
臭い,くさい,"stinky, smelly, bad-smelling",N3,"냄새나는, 냄새나는, 나쁜 냄새가 나는"
鎖,くさり,chain,N3,체인
腐る,くさる,"to rot, to go bad",N3,"썩다, 나빠지다"
癖,くせ,"a habit (often a bad habit), peculiarity",N3,"습관 (종종 나쁜 습관), 특이함"
管,くだ,"pipe, tube",N3,"파이프, 튜브"
具体,ぐたい,"concrete, tangible, material",N3,"콘크리트, 유형, 재료"
下り,くだり,down-train (going away from Tokyo),N3,하행 열차(도쿄에서 출발)
下る,くだる,"to get down, to descend",N3,"내리다, 하강하다"
苦痛,くつう,"pain, agony",N3,"고통, 고뇌"
ぐっすり,ぐっすり,"sound asleep, fast asleep",N3,"푹 자다, 푹 자다"
区別,くべつ,"distinction, differentiation, classification",N3,"구별, 차별화, 분류"
組,くみ,"class, team, set",N3,"수업, 팀, 세트"
組合,くみあい,"association, union",N3,"협회, 노동조합"
組む,くむ,to put together,N3,함께 모으다
汲む,くむ,"to draw, to scoop, to pump",N3,"그리다, 떠내다, 펌프질하다"
酌む,くむ,to serve sake,N3,사케를 대접하다
悔しい,くやしい,"regrettable, mortifying, vexing",N3,"유감스럽다, 속상하다, 짜증난다"
位,くらい,"grade, rank, about",N3,"등급, 순위, 정보"
暮らし,くらし,living; life style,N3,생활; 라이프 스타일
クラシック,クラシック,classic(s),N3,고전)
暮らす,くらす,"to live, to get along",N3,"살기 위해, 어울리기 위해"
グラス,グラス,glass; grass,N3,유리; 잔디
グランド,グランド,"gland, grand, (electrical) ground",N3,"글랜드, 그랜드, (전기) 접지"
クリーム,クリーム,cream,N3,크림
繰り返す,くりかえす,"to repeat, to do something over again",N3,"반복하다, 어떤 일을 다시 반복하다"
クリスマス,クリスマス,Christmas,N3,크리스마스
狂う,くるう,"to go mad, to get out of order",N3,"화를 내다, 혼란스러워지다"
グループ,グループ,group,N3,그룹
苦しい,くるしい,tough; physically strenuous,N3,힘든; 육체적으로 힘든
苦しむ,くるしむ,"to suffer, to groan, to be worried",N3,"괴로워하다, 신음하다, 걱정하다"
暮れ,くれ,"year end,",N3,"연말,"
苦労,くろう,hardship; suffering,N3,고난; 고통
加える,くわえる,"to append, to sum up, to add (up)",N3,"추가하다, 요약하다, 추가하다(추가하다)"
咥える,くわえる,to hold something in the mouth,N3,입에 뭔가를 물고
詳しい,くわしい,detailed; full; accurate,N3,상세한; 가득한; 정확한
加わる,くわわる,"to join in, to accede to",N3,"가입하다, 가입하다"
訓,くん,native Japanese reading of a Chinese character,N3,일본어 원어민의 한자 읽기
軍,ぐん,"army, force, troops",N3,"군대, 군대, 부대"
郡,ぐん,"country, district",N3,"국가, 지역"
軍隊,ぐんたい,"army, troops",N3,"군대, 군대"
訓練,くんれん,"practice, training",N3,"연습, 훈련"
下,げ,"under, below, beneath",N3,"아래, 아래, 아래"
計,けい,"plan; sum, total",N3,"계획; 합계, 합계"
敬意,けいい,"respect, honor",N3,"존경, 명예"
経営,けいえい,"management, administration",N3,"관리, 관리"
景気,けいき,"condition, state, business (condition)",N3,"조건, 주, 사업(조건)"
傾向,けいこう,"tendency, trend, inclination",N3,"성향, 추세, 성향"
警告,けいこく,warning,N3,경고
計算,けいさん,"calculation, reckoning",N3,"계산, 계산"
掲示,けいじ,"notice, bulletin",N3,"공지, 게시판"
刑事,けいじ,"criminal case, (police) detective",N3,"형사 사건, (경찰) 형사"
芸術,げいじゅつ,"(fine) art, the arts",N3,"(괜찮다) 예술, 예술"
契約,けいやく,"contract, compact, agreement",N3,"계약, 협약, 계약"
経由,けいゆ,"go by the way, via",N3,"그런데, 경유하여 가다"
ケース,ケース,case,N3,사례
ゲーム,ゲーム,game,N3,게임
劇,げき,"drama, play",N3,"드라마, 연극"
劇場,げきじょう,"theater, playhouse",N3,"극장, 극장"
化粧,けしょう,make-up (cosmetic),N3,메이크업(화장품)
けち,けち,"stinginess, miser",N3,"인색함, 구두쇠"
血液,けつえき,blood,N3,피
結果,けっか,"result, consequence",N3,"결과, 결과"
欠陥,けっかん,"defect, fault, deficiency",N3,"결점, 결점, 결핍"
結局,けっきょく,"after all, eventually",N3,"결국, 결국"
決心,けっしん,"determination, resolution",N3,"결심, 결심"
欠席,けっせき,"absence, non-attendance",N3,"결석, 불출석"
決定,けってい,"decision, determination",N3,"결정, 결심"
欠点,けってん,"faults, defect, weakness",N3,"결점, 결점, 약점"
結論,けつろん,conclusion,N3,결론
煙,けむり,"smoke, fumes",N3,"연기, 연기"
蹴る,ける,to kick,N3,걷어차다
券,けん,"ticket, certificate",N3,"티켓, 증명서"
県,けん,prefecture,N3,현
見解,けんかい,"opinion, point of view",N3,"의견, 관점"
限界,げんかい,"limit, bound",N3,"한계, 경계"
現金,げんきん,cash,N3,현금
言語,げんご,language,N3,언어
健康,けんこう,health(y),N3,건강한)
検査,けんさ,"inspection, examination",N3,"검사, 검사"
現在,げんざい,"now (same as 今 (いま)), present, current",N3,"지금(今(いま)과 동일), 현재, 현재"
現実,げんじつ,reality,N3,현실
現象,げんしょう,phenomenon,N3,현상
現状,げんじょう,"present condition, status quo",N3,"현재 상태, 현상 유지"
建設,けんせつ,"construction, foundation",N3,"건설, 기초"
現代,げんだい,"today, present-day",N3,"오늘, 현재"
建築,けんちく,"construction, architecture",N3,"건설, 건축"
見当,けんとう,"estimate, guess",N3,"추정하다, 짐작하다"
検討,けんとう,"consideration, examination, investigation",N3,"고려, 조사, 조사"
現場,げんば,"actual spot, scene, field",N3,"실제 장소, 장면, 들판"
憲法,けんぽう,constitution,N3,헌법
権利,けんり,"right, privilege",N3,"그렇죠, 특권"
後,ご,"afterwards, since then",N3,"그 이후, 그 이후로"
碁,ご,Go (board game of capturing territory),N3,바둑(영토 점령 보드게임)
恋,こい,"love, tender passion",N3,"사랑, 부드러운 열정"
濃い,こい,"thick (as of color, liquid), dense, strong",N3,"두꺼운 (색상, 액체상), 밀도가 높은, 강한"
恋人,こいびと,lover; sweetheart; girlfriend,N3,애인; 여보; 여자 친구
幸運,こううん,"good luck, fortune",N3,"행운, 행운"
講演,こうえん,"lecture, talk",N3,"강의, 이야기"
効果,こうか,"effect, result",N3,"효과, 결과"
硬貨,こうか,coin,N3,동전
高価,こうか,high price,N3,높은 가격
豪華,ごうか,"luxurious, gorgeous, extravagance",N3,"호화로운, 화려한, 사치스러운"
合格,ごうかく,"success, passing (e.g., exam)",N3,"성공, 통과(예: 시험)"
交換,こうかん,"exchange, swap",N3,"교환하다, 교환하다"
航空,こうくう,"aviation, flying",N3,"항공, 나는"
光景,こうけい,"scene, spectacle",N3,"장면, 광경"
合計,ごうけい,"sum total, total amount",N3,"총액, 총액"
攻撃,こうげき,"attack, strike, offensive",N3,"공격하다, 공격하다, 공세하다"
貢献,こうけん,"contribution, services",N3,"기여, 서비스"
広告,こうこく,advertisement,N3,광고
交際,こうさい,"friendship, association, acquaintance",N3,"우정, 교제, 지인"
校舎,こうしゃ,school building,N3,학교 건물
後者,こうしゃ,the latter,N3,후자
工場,こうば,"factory, plant",N3,"공장, 공장"
公正,こうせい,"justice, fairness, impartiality",N3,"정의, 공평, 공정성"
構成,こうせい,"organization, composition",N3,"조직, 구성"
高速,こうそく,"high speed, high gear",N3,"고속, 고단 기어"
行動,こうどう,"action, conduct, behavior",N3,"행동, 행실, 행동"
強盗,ごうとう,"robbery, burglary",N3,"강도, 강도"
後輩,こうはい,junior members of a group,N3,그룹의 후배들
幸福,こうふく,"happiness, blessedness",N3,"행복, 축복"
公平,こうへい,"fairness, impartial, justice",N3,"공평, 공평, 정의"
候補,こうほ,candidacy,N3,입후보
考慮,こうりょ,"consideration, taking into account",N3,"고려하다, 고려하다"
越える,こえる,"to exceed, to cross over, to cross",N3,"넘어서다, 건너다, 건너다"
超える,こえる,"to exceed, to cross over, to cross",N3,"넘어서다, 건너다, 건너다"
コーチ,コーチ,coach,N3,코치
コード,コード,code; cord; chord,N3,암호; 코드; 현
氷,こおり,"ice, hail",N3,"얼음, 우박"
凍る,こおる,"to freeze, to be frozen over, to congeal",N3,"얼어붙다, 얼어붙다, 굳어지다"
ゴール,ゴール,goal,N3,목표
誤解,ごかい,misunderstanding,N3,오해
語学,ごがく,language study,N3,어학 공부
呼吸,こきゅう,"breath, respiration",N3,"호흡, 호흡"
故郷,こきょう,hometown,N3,고향
極,ごく,"quite, very",N3,"아주, 아주"
国語,こくご,national language,N3,자국어
国籍,こくせき,nationality,N3,국적
黒板,こくばん,blackboard,N3,칠판
克服,こくふく,"conquest, overcome",N3,"정복하다, 극복하다"
国民,こくみん,"national, people, citizen",N3,"국민, 국민, 시민"
穀物,こくもつ,"grain, cereal, corn",N3,"곡물, 시리얼, 옥수수"
腰,こし,"hip, waist",N3,"엉덩이, 허리"
胡椒,こしょう,pepper,N3,후추
個人,こじん,"individual, private person",N3,"개인, 사적인 사람"
越す,こす,"to go over (e.g., with audience)",N3,넘어가다 (예: 청중과 함께)
超す,こす,"to cross, to pass, to tide over",N3,"건너다, 건너다, 건너다"
国家,こっか,"state, country, nation",N3,"주, 나라, 국민"
国会,こっかい,"National Diet, parliament, congress",N3,"국회, 국회, 국회"
国境,こっきょう,national or state border,N3,국가 또는 주 경계
骨折,こっせつ,bone fracture,N3,뼈 골절
小包,こづつみ,"parcel, package",N3,"소포, 꾸러미"
琴,こと,Japanese harp,N3,일본 하프
異なる,ことなる,"to differ, to vary",N3,"달라지다, 달라지다"
諺,ことわざ,"proverb, saying",N3,"속담, 말하다"
断る,ことわる,"to refuse, to decline, to dismiss",N3,"거절하다, 거부하다, 해고하다"
粉,こな,"flour, powder",N3,"밀가루, 가루"
好み,このみ,"liking, taste, choice",N3,"좋아하는 것, 맛, 선택"
好む,このむ,"to like, to prefer",N3,"좋아하다, 선호하다"
こぼす,こぼす,to spill,N3,유출하다
こぼれる,こぼれる,"to overflow, to spill",N3,"넘쳐 흐르다, 쏟아지다"
塵,ごみ,"garbage, litter",N3,"쓰레기, 쓰레기"
小麦,こむぎ,wheat,N3,밀
ごめんなさい,ごめんなさい,"I beg your pardon, excuse me, I'm sorry",N3,"죄송합니다, 실례합니다, 죄송합니다"
小屋,こや,"hut, cabin, shed",N3,"오두막, 오두막, 창고"
これら,これら,these,N3,이것들
殺す,ころす,to kill,N3,죽이다
転ぶ,ころぶ,"to fall down, to fall over",N3,"넘어지다, 넘어지다"
今回,こんかい,"now, this time, lately",N3,"지금, 이번에는 최근에"
今後,こんご,"from now on, hereafter",N3,"지금부터, 앞으로도"
混雑,こんざつ,"confusion, congestion",N3,"혼란, 혼잡"
こんなに,こんなに,"so, like this, in this way",N3,"그러니까, 이렇게, 이런 식으로"
困難,こんなん,"difficulty, distress",N3,"어려움, 괴로움"
今日,こんにち,"today, this day",N3,"오늘, 오늘"
こんにちは,こんにちは,"hello, good day (daytime greeting)",N3,"안녕하세요, 좋은 하루 되세요(낮의 인사말)"
婚約,こんやく,"engagement, betrothal",N3,"약혼, 약혼"
混乱,こんらん,"chaos, confusion, mayhem",N3,"혼돈, 혼란, 대혼란"
差,さ,"difference, variation",N3,"차이, 변이"
サービス,サービス,"service, support system; goods or services without charge",N3,"서비스, ??지원 시스템; 무료로 상품이나 서비스를"
際,さい,"on the occasion of, circumstances",N3,사정에 따라서
最高,さいこう,"highest, supreme, the most",N3,"가장 높은, 최고, 가장 높은"
財産,ざいさん,"property, fortune, assets",N3,"재산, 재물, 자산"
最終,さいしゅう,"last, closing",N3,"마지막, 닫는다"
最中,さいちゅう,in the middle of,N3,중간에
最低,さいてい,"least, lowest, worst",N3,"최소, 최저, 최악"
才能,さいのう,"talent, ability",N3,"재능, 능력"
裁判,さいばん,"trial, judgment",N3,"재판, 판결"
材料,ざいりょう,"ingredients, material",N3,"성분, 재료"
幸い,さいわい,fortunately; luckily,N3,다행스럽게도; 운 좋게
サイン,サイン,autograph; sign; sine,N3,자필; 징후; 사인
境,さかい,"border, boundary, mental state",N3,"경계, 경계, 정신상태"
逆らう,さからう,"to go against, to oppose, to disobey",N3,"반대하다, 반대하다, 불순종하다"
盛り,さかり,"helping, serving",N3,"돕는 것, 봉사하는 것"
作業,さぎょう,"work, operation, manufacturing",N3,"일, 운영, 제조"
裂く,さく,"to tear, to split",N3,"찢다, 쪼개지다"
昨,さく,"last (year), yesterday",N3,"작년(년), 어제"
作品,さくひん,"work, opus, production",N3,"작품, 작품, 제작"
作物,さくもつ,"produce (e.g., agricultural), crops",N3,"농산물(예: 농업), 작물"
桜,さくら,"cherry blossom, cherry tree",N3,"벚꽃, 벚나무"
酒,さけ,"alcohol, sake",N3,"술, 사케"
叫ぶ,さけぶ,"to shout, to cry",N3,"소리치다, 울다"
避ける,さける,"to avoid (physical contact); to ward off, to avert",N3,"(신체적 접촉)을 피하다; 막다, 막다"
支える,ささえる,"support, hold, sustain",N3,"지지하다, 지탱하다, 지탱하다"
刺さる,ささる,"to stick, to be stuck",N3,"달라붙다, 달라붙다"
刺す,さす,"to sting, to bite (e.g., bug), to prick, to stab",N3,"찌르다, 물다(예: 벌레), 찌르다, 찌르다"
指す,さす,"to point,",N3,"가리키다,"
挿す,さす,"to insert, to put in, to graft",N3,"삽입하다, 끼워넣다, 접목시키다"
注す,さす,"to pour (drink), to serve (drinks)",N3,"따르다(마시다), 대접하다(마시다)"
射す,さす,"to shine, to strike",N3,"빛나다, 공격하다"
座席,ざせき,seat,N3,좌석
誘う,さそう,"to invite (someone to do something with you); to tempt, to lure",N3,"(당신과 함께 뭔가를 하도록 누군가를) 초대하다; 유혹하다, 유혹하다"
札,さつ,"bill, note",N3,"청구서, 메모"
作家,さっか,"author, writer, novelist",N3,"작가, 작가, 소설가"
作曲,さっきょく,composition (of music),N3,작곡(음악)
ざっと,ざっと,"roughly, in round numbers",N3,"대략적으로, 어림수로"
さっぱり,さっぱり,"feeling refreshed, neat",N3,"기분이 상쾌하다, 깔끔하다"
さて,さて,"well; now (typically used when switching to a new, usually more important topic)",N3,"잘; 지금 (일반적으로 새로운, 일반적으로 더 중요한 주제로 전환할 때 사용됨)"
砂漠,さばく,desert,N3,사막
差別,さべつ,"discrimination, differentiation",N3,"차별, 차별화"
ママ,ママ,Mama,N3,엄마
豆,まめ,"beans, peas",N3,"콩, 완두콩"
守る,まもる,to protect; to abide (by the rules),N3,보호하다; (규칙을) 지키다
迷う,まよう,"to be puzzled, to be perplexed, to lose one's way",N3,"당황하다, 당황하다, 길을 잃다"
丸,まる,"circle, full (month)",N3,"원, 전체(월)"
円,まる,circle,N3,원
まるで,まるで,just like,N3,마치
万一,まんいち,"by some chance, if by any chance",N3,"혹시, 혹시라도"
満足,まんぞく,satisfaction,N3,만족
身,み,"body, main part",N3,"본체, 주요 부분"
実,み,"fruit, seed, good result",N3,"과일, 씨앗, 좋은 결과"
見送り,みおくり,seeing one off,N3,하나를 배웅하다
味方,みかた,"ally, supporter",N3,"동맹, 지지자"
見事,みごと,"splendid, magnificent",N3,"훌륭하다, 웅장하다"
ミス,ミス,"miss (mistake, error, failure), Miss",N3,"miss (실수, 오류, 실패), Miss"
満ちる,みちる,"to be full, to mature",N3,"충만하다, 성숙하다"
密,みつ,"thick, close",N3,"두꺼운, 가까운"
認める,みとめる,"to recognize, to notice; to approve",N3,"인식하다, 알아차리다; 승인하다"
見舞い,みまい,"expression of sympathy, expression of concern",N3,"동정의 표현, 우려의 표현"
土産,みやげ,souvenir,N3,기념품
都,みやこ,city; capital,N3,도시; 수도
妙,みょう,"strange, unusual",N3,"이상한, 특이한"
明後日,みょうごにち,day after tomorrow,N3,내일 모레
未来,みらい,future (life tense),N3,미래 (생활 시제)
魅力,みりょく,"charm, fascination, appeal",N3,"매력, 매혹, 매력"
診る,みる,to examine (a patient),N3,(환자를) 검사하다
ミルク,ミルク,milk,N3,우유
無,む,"nothing, naught, zero",N3,"아무것도, 아무것도, 제로"
向かい,むかい,"facing, opposite, across",N3,"직면, 반대, 건너편"
迎え,むかえ,"meeting, person sent to pick up an arrival",N3,"회의, 도착물을 픽업하기 위해 파견된 사람"
向く,むく,to face,N3,직면하다
剥く,むく,"to peel, to skin",N3,"껍질을 벗기다, 피부에 바르다"
向ける,むける,"to turn towards, to point",N3,"방향을 돌리다, 가리키다"
無視,むし,"disregard, ignore",N3,"무시하다, 무시하다"
蒸し暑い,むしあつい,"humid, sultry",N3,습하고 무더운
虫歯,むしば,"cavity, tooth decay",N3,"충치, 충치"
寧ろ,むしろ,"rather, better, instead",N3,"오히려, 더 좋아, 대신에"
蒸す,むす,"to steam, to poultice, to be sultry",N3,"찌다, 찜질하다, 찌질하다"
結ぶ,むすぶ,"to tie, to bind, to link",N3,"묶다, 묶다, 연결하다"
無駄,むだ,"futility, uselessness",N3,"헛됨, 쓸모없음"
夢中,むちゅう,"crush, crazy, be hooked on",N3,"짝사랑하다, 미치다, 푹 빠지다"
胸,むね,"breast, chest",N3,"가슴, 가슴"
無料,むりょう,"free, no charge",N3,"무료, 무료"
芽,め,sprout,N3,새싹
明確,めいかく,"clear, definite",N3,"분명하다, 확실하다"
名刺,めいし,(name) card; business card,N3,(이름) 카드; 명함
名詞,めいし,noun,N3,명사
命じる,めいじる,"to order, to command, to appoint",N3,"명령하다, 명령하다, 임명하다"
名人,めいじん,"master, expert",N3,"마스터, 전문가"
命令,めいれい,"order, command, decree",N3,"명령, 명령, 법령"
迷惑,めいわく,"trouble, bother, annoyance",N3,"문제, 귀찮게, 성가심"
目上,めうえ,person of higher status; one's senior,N3,더 높은 지위에 있는 사람; 선배
飯,めし,"meals, food",N3,"식사, 음식"
滅多に,めったに,"rarely (with neg. verb), seldom",N3,"드물게 (부정 동사 포함), 드물게"
メモ,メモ,"memorandum, note",N3,"메모, 메모"
面,めん,"face, mug, surface, side or facet, corner, page",N3,"얼굴, 머그잔, 표면, 측면 또는 패싯, 모서리, 페이지"
綿,めん,cotton,N3,면
免許,めんきょ,"license, permit, certificate",N3,"면허증, 허가증, 증명서"
面接,めんせつ,interview,N3,회견
面倒,めんどう,"trouble, attention",N3,"문제, 주의"
メンバー,メンバー,member,N3,회원
申し込む,もうしこむ,"to apply for, to make an application",N3,"신청하다, 신청하다"
申し訳,もうしわけ,"apology, excuse",N3,"사과, 변명"
毛布,もうふ,blanket,N3,담요
燃える,もえる,to burn,N3,태우다
目的,もくてき,"purpose, goal, aim",N3,"목적, 목표, 목표"
目標,もくひょう,"mark, objective, target",N3,"표시, 목표, 표적"
文字,もじ,"letter (of alphabet), character",N3,"문자(알파벳), 문자"
文字,もんじ,"letter (of alphabet), character",N3,"문자(알파벳), 문자"
もしかすると,もしかすると,"perhaps, maybe, by some chance",N3,어쩌면 어쩌면 어쩌면
もしも,もしも,if,N3,만약에
持ち上げる,もちあげる,"to raise, to lift up, to flatter",N3,"높이다, 높이다, 아첨하다"
用いる,もちいる,"to use, to make use of",N3,"사용하다, 활용하다"
もったいない,もったいない,"wasteful; more than one deserves, unworthy of",N3,"낭비적이다; 그 이상의 가치가 있는, 가치가 없는"
尤も,もっとも,"quite right, plausible, natural",N3,"아주 옳다, 그럴듯하다, 자연스럽다"
元,もと,"origin, original; former",N3,"원산지, 원본; 이전의"
基,もと,basis,N3,기초
素,もと,prime,N3,초기
戻す,もどす,"to restore, to put back, to return",N3,"복원하다, 되돌려 놓다, 돌려보내다"
基づく,もとづく,"to be grounded on, to be based on",N3,"기초를 두다, 기초를 두다"
求める,もとめる,"to request, to ask for; to seek, to search for",N3,"요청하다, 요청하다; 추구하다, 찾다"
者,もの,person (same as 人 (ひと)),N3,사람(人(ひと)과 동일)
物音,ものおと,sounds,N3,소리
物語,ものがたり,"tale, story, legend",N3,"이야기, 이야기, 전설"
物事,ものごと,"things, everything",N3,"것들, 모든 것"
燃やす,もやす,to burn,N3,태우다
模様,もよう,"pattern, figure, design",N3,"패턴, 그림, 디자인"
文句,もんく,a complaint,N3,불만
やがて,やがて,"before long, soon, at length",N3,"머지않아, 곧, 머지않아"
役,やく,"role, position",N3,"역할, 지위"
約,やく,"approximately, about, some",N3,"대략, 대략, 일부"
訳,やく,translation,N3,번역
訳す,やくす,to translate,N3,번역하다
役割,やくわり,"assigning (allotment of) parts, role, duties",N3,"부품, 역할, 임무 할당(할당)"
家賃,やちん,rent,N3,임차료
厄介,やっかい,"trouble, burden, care",N3,"문제, 부담, 걱정"
宿,やど,"inn, lodging",N3,"여관, 숙박"
雇う,やとう,"to employ, to hire",N3,"고용하다, 채용하다"
屋根,やね,roof,N3,지붕
破る,やぶる,to tear; to violate; to defeat,N3,찢다; 위반하다; 패배하다
破れる,やぶれる,"to get torn, to wear out",N3,"찢어지다, 닳아 없어지다"
辞める,やめる,to retire,N3,은퇴하다
やや,やや,"a little, partially, somewhat",N3,"약간, 부분적으로, 다소"
唯一,ゆいいつ,"only, sole, unique",N3,"유일한, 유일한, 유일한"
勇気,ゆうき,"courage, bravery, boldness",N3,"용기, 용기, 대담함"
友好,ゆうこう,friendship,N3,우정
有効,ゆうこう,"valid, effectual",N3,"유효한, 효과적인"
優秀,ゆうしゅう,"superiority, excellence",N3,"우수성, 우수성"
優勝,ゆうしょう,"overall victory, championship",N3,"종합 우승, 우승"
友情,ゆうじょう,"friendship, fellowship",N3,"우정, 교제"
友人,ゆうじん,friend (formal),N3,친구 (공식)
有能,ゆうのう,"able, capable, efficient",N3,"할 수 있는, 유능한, 효율적인"
郵便,ゆうびん,"mail, postal service",N3,"우편, 우편 서비스"
ユーモア,ユーモア,humor,N3,기분
有利,ゆうり,"advantageous, better",N3,"유리하다, 더 좋다"
床,ゆか,floor,N3,바닥
愉快,ゆかい,"pleasant, happy",N3,"즐겁다, 행복하다"
譲る,ゆずる,"to turn over, to assign, to hand over",N3,"넘겨주다, 양도하다, 넘겨주다"
豊か,ゆたか,"abundant, wealthy, plentiful, rich",N3,"풍부하다, 풍부하다, 풍부하다, 풍부하다"
茹でる,ゆでる,to boil,N3,끓이다
許す,ゆるす,"to permit, to allow, to approve",N3,"허가하다, 허용하다, 승인하다"
夜,よ,"evening, night",N3,"저녁, 밤"
夜明け,よあけ,"dawn, daybreak",N3,"새벽, 새벽"
酔う,よう,to get drunk,N3,취하다
容易,ようい,"easy, simple, plain",N3,"쉬운, 단순한, 평범한"
容器,ようき,"container, vessel",N3,"컨테이너, 선박"
陽気,ようき,"season, weather, cheerfulness",N3,"계절, 날씨, 쾌활함"
要求,ようきゅう,"request, demand",N3,"요구하다, 요구하다"
用心,ようじん,"care, precaution, caution",N3,"주의, 주의, 주의"
様子,ようす,"aspect, state, appearance",N3,"양상, 상태, 모습"
要するに,ようするに,"in a word, after all, in short …",N3,"한마디로, 결국 간단히 말해서…"
要素,ようそ,element,N3,요소
要点,ようてん,"gist, main point",N3,"요점, 요점"
曜日,ようび,day of the week,N3,요일
ヨーロッパ,ヨーロッパ,Europe,N3,유럽
予期,よき,"expectation, forecast",N3,"기대, 예상"
横切る,よこぎる,"to cross (e.g., arms), to traverse",N3,"(예: 팔) 건너다, 횡단하다"
汚す,よごす,"to pollute, to make dirty",N3,"더럽히다, 더럽히다"
予算,よさん,"estimate, budget",N3,"견적, 예산"
止す,よす,"to cease, to give up",N3,"그만두다, 포기하다"
寄せる,よせる,"to collect, to gather, to put aside",N3,"모으다, 모으다, 따로 보관하다"
予測,よそく,"prediction, estimation",N3,"예측, 추정"
ヨット,ヨット,yacht,N3,요트
夜中,よなか,"midnight, dead of night",N3,"자정, 한밤중"
世の中,よのなか,"society, the world",N3,"사회, 세상"
余分,よぶん,"extra, excess, surplus",N3,"여분의, 과잉, 잉여"
予報,よほう,"forecast, prediction",N3,"예측, 예측"
予防,よぼう,"prevention, protection against",N3,"예방, 보호"
読み,よみ,reading,N3,독서
嫁,よめ,"bride, daughter-in-law",N3,"신부, 며느리"
余裕,よゆう,excess; surplus,N3,과잉; 여분
より,より,"twist, ply",N3,"트위스트, 플라이"
因る,よる,to come from,N3,에서 오는
喜び,よろこび,"joy, pleasure, rejoicing",N3,"기쁨, 즐거움, 즐거움"
よろしく (かん),よろしく (かん),"best regards, please remember me",N3,"안부 인사, 저를 기억해 주세요"
四,よん,four,N3,네
来,らい～,next ~,N3,다음 ~
ライター,ライター,lighter; writer,N3,거룻배; 작가
楽,らく,"comfort, ease",N3,"편안함, 용이함"
ラケット,ラケット,racket,N3,라켓
利益,りえき,"profits, gains",N3,"이익, 이득"
理解,りかい,"understanding, comprehension",N3,"이해, 이해"
陸,りく,"land, shore",N3,"육지, 해안"
利口,りこう,"clever, shrewd, bright",N3,"영리하다, 영리하다, 밝다"
離婚,りこん,divorce,N3,이혼
理想,りそう,ideal,N3,이상적인
率,りつ,"rate, ratio, percentage",N3,"비율, 비율, 백분율"
留学,りゅうがく,studying abroad,N3,해외 유학
流行,りゅうこう,"fashionable, fad, prevailing",N3,"유행하는, 유행하는, 유행하는"
量,りょう,"quantity, amount",N3,"수량, 금액"
寮,りょう,"hostel, dormitory",N3,"호스텔, 기숙사"
両替,りょうがえ,"change, money exchange",N3,"잔돈, 환전"
料金,りょうきん,"fee, charge, fare",N3,"요금, 요금, 운임"
例,れい,"instance, example, case",N3,"예, 예, 사례"
礼,れい,expression of gratitude; bow,N3,감사의 표현; 절하다
例外,れいがい,exception,N3,예외
礼儀,れいぎ,"manners, courtesy, etiquette",N3,"매너, 예절, 에티켓"
冷静,れいせい,"calm, coolness",N3,"차분함, 시원함"
列,れつ,"queue, line, row",N3,"대기열, 줄, 행"
列車,れっしゃ,train (ordinary),N3,기차 (보통)
レベル,レベル,level,N3,수준
連想,れんそう,"association (of ideas), suggestion",N3,"(아이디어의) 연합, 제안"
連続,れんぞく,"consecutive, continuity, continuing",N3,"연속적인, 연속적인, 계속되는"
老人,ろうじん,"the aged, old person",N3,"노인, 노인"
労働,ろうどう,"labor, work",N3,"노동, 일"
ロケット,ロケット,"locket, rocket",N3,"로켓, 로켓"
論じる,ろんじる,"to argue, to discuss",N3,"논쟁하다, 토론하다"
論争,ろんそう,"controversy, dispute",N3,"논쟁, 논쟁"
論文,ろんぶん,"thesis, paper",N3,"논문, 종이"
輪,わ,"ring, hoop, circle",N3,"반지, 후프, 원"
ワイン,ワイン,wine,N3,와인
わがまま,わがまま,"selfishness, egoism, willfulness",N3,"이기심, 이기주의, 고의"
別れ,わかれ,"parting, separation, farewell",N3,"이별, 이별, 이별"
分かれる,わかれる,"to branch off, to diverge from",N3,"분기하다, 분기하다"
脇,わき,side,N3,옆
湧く,わく,"to boil, to grow hot",N3,"끓이다, 뜨거워지다"
分ける,わける,"to divide, to separate",N3,"나누다, 분리하다"
わざと,わざと,on purpose,N3,일부러
僅か,わずか,"only, merely, a little",N3,"단지, 단지, 조금"
綿,わた,cotton,N3,면
話題,わだい,"topic, subject",N3,"주제, 주제"
笑い,わらい,"laugh, laughter, smile",N3,"웃다, 웃다, 미소 짓다"
割る,わる,"to divide, to break",N3,"나누다, 깨뜨리다"
悪口,わるくち,"abuse, insult",N3,"학대, 모욕"
我々,われわれ,we,N3,우리
湾,わん,"bay, gulf, inlet",N3,"만, 만, 입구"
椀,わん,bowl,N3,그릇
碗,わん,bowl,N3,그릇
悪,あく,"evil, vice",N3,"악, 악덕"
当り,あたり,"hit, success, reaching the mark",N3,"히트, 성공, 도달하다"
アップ,アップ,up,N3,위로
宛てる,あてる,"to address, to put",N3,"다루다, 두다"
アンケート,アンケート,"questionnaire (FRE: enquete), survey",N3,"설문지(FRE: enquete), 설문조사"
異,い,difference (of opinion),N3,(의견의) 차이
意,い,will,N3,~ 할 것이다
医院,いいん,"doctor's office (surgery), clinic",N3,"진료실(외과), 진료소"
怒り,いかり,anger,N3,화
粋,いき,"chic, style, purity",N3,"시크, 스타일, 순수함"
意地,いじ,"disposition, spirit, obstinacy, appetite",N3,"성향, 정신, 고집, 식욕"
依然,いぜん,"still, as yet",N3,"아직도, 아직은"
傷める,いためる,"to damage, to impair, to spoil",N3,"손상시키다, 손상시키다, 손상시키다"
炒める,いためる,to stir-fry,N3,볶다
一帯,いったい,"a region, the whole place",N3,"지역, 전체 장소"
異動,いどう,"a change, transfer",N3,"변경, 이전"
衣料,いりょう,clothing,N3,의류
渦,うず,swirl,N3,소용돌이
埋まる,うまる,"to be buried, to be filled",N3,"묻히다, 채워지다"
産む,うむ,"to give birth (v.t.), to deliver, to produce",N3,"출산하다 (v.t.), 출산하다, 생산하다"
縁,えん,"chance, tie, relationship",N3,"기회, 인연, 관계"
尾,お,"tail, ridge",N3,"꼬리, 능선"
負う,おう,"to bear, to owe",N3,"부담하다, 빚지다"
遅れ,おくれ,"delay, lag",N3,"지연하다, 지체하다"
教え,おしえ,"teachings, doctrine",N3,"가르침, 교리"
驚き,おどろき,"surprise, astonishment, wonder",N3,"놀람, 놀라움, 놀라움"
織る,おる,to weave,N3,짜다
欠く,かく,"to lack, to crack",N3,"부족하다, 깨지다"
角,かく,angle,N3,각도
核,かく,"nucleus, kernel",N3,"핵, 커널"
格,かく,"status, character, case",N3,"상태, 성격, 사건"
学歴,がくれき,academic background,N3,학문적 배경
駆ける,かける,to run,N3,달리다
賭ける,かける,"to bet, to risk, to gamble",N3,"내기하다, 위험을 감수하다, 도박을 하다"
課題,かだい,"subject, theme, task",N3,"주제, 주제, 과제"
片付け,かたづけ,"tidying up, finishing",N3,"정리, 마무리"
加味,かみ,"seasoning, flavoring",N3,"조미료, 향료"
借り,かり,"borrowing, debt, loan",N3,"빌림, 빚, 대출"
狩り,かり,hunting,N3,수렵
管,かん,"pipe, tube",N3,"파이프, 튜브"
～観,かん,"feeling, view",N3,"느낌, 보기"
癌,がん,cancer,N3,암
刊行,かんこう,"publication, issue",N3,"출판, 발행"
慣行,かんこう,"customary practice, habit, traditional event",N3,"관습, 습관, 전통행사"
歓声,かんせい,"cheer, shout of joy",N3,"환호하다, 환호하다"
官僚,かんりょう,"bureaucrat, bureaucracy",N3,"관료, 관료"
器官,きかん,"organ (of body, instrument)",N3,"기관(신체, 기구)"
季刊,きかん,"quarterly (e.g., magazine)",N3,분기별(예: 잡지)
起源,きげん,"origin, beginning, rise",N3,"기원, 시작, 상승"
機構,きこう,"mechanism, organization",N3,"메커니즘, 조직"
築く,きずく,"to build, to establish",N3,"구축하다, 확립하다"
規制,きせい,regulation,N3,규제
丘陵,きゅうりょう,hill,N3,언덕
協議,きょうぎ,"conference, discussion, negotiation",N3,"회의, 토론, 협상"
享受,きょうじゅ,"enjoyment, being given",N3,"즐거움, 주어지는 것"
協調,きょうちょう,"co-operation, conciliation, harmony",N3,"협력, 화해, 화합"
切り,きり,"limits, place to leave off",N3,"한계, 떠나야 할 장소"
菌,きん,"germ, bacterium",N3,"세균, 박테리아"
近視,きんし,nearsightedness,N3,근시
苦,く,"trouble, worry, difficulty",N3,"문제, 걱정, 어려움"
群,ぐん,group,N3,그룹
刑,けい,"penalty, sentence, punishment",N3,"형벌, 형벌, 형벌"
経緯,けいい,"sequence of events, course",N3,"일련의 사건, 코스"
計器,けいき,"meter, gauge",N3,"미터, 게이지"
契機,けいき,"opportunity, chance",N3,"기회, 기회"
携帯,けいたい,carrying something; mobile telephone,N3,뭔가를 들고; 휴대전화
形態,けいたい,"form, shape, figure",N3,"형태, 모양, 모양"
血管,けっかん,blood vessel,N3,혈관
決行,けっこう,"doing (with resolve), carrying out (e.g., a plan)",N3,"(결의를 갖고) 수행하다, 실행하다 (예: 계획)"
件,けん,"matter, case, item",N3,"문제, 사건, 물건"
減少,げんしょう,"decrease, reduction, decline",N3,"감소, 감소, 쇠퇴"
公演,こうえん,public performance,N3,공개 공연
後悔,こうかい,"regret, repentance",N3,"후회, 회개"
航海,こうかい,"sail, voyage",N3,"항해, 항해"
拘束,こうそく,"restriction, restraint",N3,"제한, 제지"
荒廃,こうはい,ruin,N3,망치다
降伏,こうふく,"capitulation, surrender, submission",N3,"항복, 항복, 복종"
興奮,こうふん,"excitement, stimulation",N3,"흥분, 자극"
語句,ごく,"words, phrases",N3,"단어, 문구"
個々,ここ,"individual, one by one",N3,"개인, 하나씩"
故人,こじん,the deceased,N3,고인
小銭,こぜに,"coins, small change",N3,"동전, 잔돈"
ことによると,ことによると,(depending on the circumstances),N3,(상황에 따라)
コンテスト,コンテスト,contest,N3,경쟁
採集,さいしゅう,"collecting, gathering",N3,"모으다, 모으다"
作,さく,"a work, a harvest",N3,"일, 수확"
策,さく,"plan, policy",N3,"계획, 정책"
設備,せつび,"equipment, device, facilities",N3,"장비, 장치, 시설"
絶滅,ぜつめつ,"destruction, extinction",N3,"파괴, 멸종"
節約,せつやく,"economizing, saving",N3,"절약하다, 절약하다"
攻める,せめる,"to attack, to assault",N3,"공격하다, 공격하다"
責める,せめる,"to condemn, to blame, to criticize",N3,"비난하다, 비난하다, 비난하다"
善,ぜん,"good, virtue",N3,"좋은, 미덕"
全,ぜん,"all, whole, entire",N3,"전부, 전체, 전체"
全員,ぜんいん,all members,N3,전원
専攻,せんこう,"major subject, special study",N3,"전공과목, 특별학습"
全国,ぜんこく,"the entire nation, country-wide, nation-wide",N3,"전국, 전국, 전국"
洗剤,せんざい,detergent,N3,세정제
先日,せんじつ,"the other day, a few days ago",N3,"저번에, 며칠 전"
前者,ぜんしゃ,the former,N3,전자
選手,せんしゅ,player selected for a team (usually athletic),N3,팀에 선발된 선수(보통 운동선수)
全身,ぜんしん,"the whole body, full-length (portrait)",N3,"전신, 전신(인물)"
前進,ぜんしん,"advance, drive, progress",N3,"전진하다, 추진하다, 진보하다"
センター,センター,center,N3,센터
全体,ぜんたい,"whole, entirety, whatever (is the matter)",N3,"전체, 전체, 무엇이든 (문제가 됩니다)"
選択,せんたく,"selection, choice",N3,"선택, 선택"
宣伝,せんでん,"advertisement, publicity",N3,"광고,홍보"
象,ぞう,elephant,N3,코끼리
騒音,そうおん,noise,N3,소음
増加,ぞうか,"increase, addition",N3,"증가, 추가"
操作,そうさ,"operation, management, processing",N3,"운영, 관리, 처리"
想像,そうぞう,"imagination, guess",N3,"상상, 추측"
相続,そうぞく,"succession, inheritance",N3,"계승, 상속"
装置,そうち,"equipment, installation, apparatus",N3,"장비, 설치, 장치"
相当,そうとう,"considerably, fairly; worth ~",N3,"상당히, 꽤; ~의 가치가 있다"
速度,そくど,"speed, velocity, rate",N3,"속도, 속력, 속도"
底,そこ,"bottom, sole",N3,"바닥, 밑창"
そこで,そこで,"so (conj.), accordingly",N3,"그래서 (conj.), 따라서"
組織,そしき,organization; structure; tissue,N3,조직; 구조; 조직
そして,そして,and then,N3,그런 다음
注ぐ,そそぐ,to pour (into),N3,(에) 붓다
育つ,そだつ,"to be brought up, to grow (up)",N3,"자라다, 성장하다(성장하다)"
そっくり,そっくり,the splitting image of; entirely,N3,분할 이미지; 전적으로
そっと,そっと,"softly, gently",N3,"부드럽게, 부드럽게"
袖,そで,sleeve,N3,소매
備える,そなえる,"to prepare, to furnish, to store",N3,"준비하다, 준비하다, 저장하다"
具える,そなえる,to be furnished with,N3,갖추어져 있다
そのうえ,そのうえ,"in addition, furthermore",N3,"게다가, 게다가"
そのうち,そのうち,"before long, eventually, sooner or later",N3,"머지않아, 결국, 조만간"
そのまま,そのまま,"without change, as it is (e.g., now)",N3,변함없이 있는 그대로(예: 지금)
蕎麦,そば,soba (buckwheat noodles),N3,소바(메밀국수)
ソファー,ソファー,"sofa, couch",N3,"소파, 소파"
粗末,そまつ,"humble, miserable, crude",N3,"겸손한, 비참한, 조잡한"
それぞれ,それぞれ,"each, every, respectively",N3,"각각, 각각, 각각"
それでも,それでも,"but (still), and yet, nevertheless",N3,"하지만 (여전히), 그럼에도 불구하고"
それと,それと,and,N3,그리고
それとも,それとも,"or, or else",N3,"아니면, 그렇지 않으면"
揃う,そろう,"to become complete, to be equal",N3,"완전해지다, 동등해지다"
揃える,そろえる,"to put things in order, to arrange",N3,"일을 정리하다, 정리하다"
損,そん,"loss, disadvantage",N3,"손실, 불이익"
損害,そんがい,"damage, loss",N3,"손상, 손실"
尊敬,そんけい,"respect, reverence, honor",N3,"존경, 존경, 명예"
存在,そんざい,"existence, being",N3,"존재, 존재"
尊重,そんちょう,"respect, esteem, regard",N3,"존경하다, 존중하다, 존경하다"
田,た,rice field,N3,논
他,た,other (esp. places and things),N3,기타(특히 장소 및 사물)
対,たい,"pair, couple, set",N3,"한 쌍, 커플, 세트"
大,だい,"big, great",N3,"크다, 훌륭하다"
題,だい,"title, subject, theme",N3,"제목, 주제, 주제"
体育,たいいく,"physical education, gymnastics, athletics",N3,"체육, 체조, 육상"
体温,たいおん,temperature (body),N3,온도 (몸)
大会,たいかい,"convention, (big) tournament, mass meeting",N3,"컨벤션, (큰) 토너먼트, 대중 집회"
大気,たいき,atmosphere,N3,대기
代金,だいきん,"price, cost",N3,"가격, 비용"
退屈,たいくつ,"tedium, boring",N3,"지루하다, 지루하다"
滞在,たいざい,"stay, sojourn",N3,"머물다, 체류하다"
大使,たいし,ambassador,N3,대사
大した,たいした,"significant, great, considerable",N3,"상당한, 중대한, 상당한"
体重,たいじゅう,(body) weight,N3,(몸) 체중
対象,たいしょう,"target; object (of worship, study, etc.); subject (i.e., of taxation)",N3,"목표; (예배, 연구 등의) 대상; 주제(즉, 과세)"
対照,たいしょう,"contrast, antithesis, comparison",N3,"대조, 대조, 비교"
大臣,だいじん,cabinet minister,N3,내각 장관
対する,たいする,"to face, to confront, to oppose",N3,"직면하다, 직면하다, 반대하다"
大戦,たいせん,"great war, great battle",N3,"큰 전쟁, 큰 전투"
態度,たいど,"attitude, manner",N3,"태도, 매너"
大統領,だいとうりょう,president,N3,대통령
大半,たいはん,"most of, majority, mostly",N3,"대부분의, 대다수의, 주로"
代表,だいひょう,"representative, delegation",N3,"대표, 대표단"
大部分,だいぶぶん,"most part, majority",N3,"대부분의 부분, 대다수"
タイプライター,タイプライター,typewriter,N3,타이프라이터
逮捕,たいほ,"arrest, apprehension, capture",N3,"체포, 체포, 체포"
題名,だいめい,title,N3,제목
ダイヤ,ダイヤ,(railway) schedule; diamond,N3,(철도) 일정; 다이아몬드
太陽,たいよう,sun,N3,해
平ら,たいら,"flatness, level, smooth",N3,"평탄함, 수평, 매끄러움"
代理,だいり,"representation, proxy, deputy",N3,"대표, 대리인, 대리인"
大陸,たいりく,continent,N3,대륙
倒す,たおす,"to throw down, to beat",N3,"쓰러뜨리다, 때려눕히다"
タオル,タオル,(hand) towel,N3,(손) 수건
だが,だが,"but, however",N3,"하지만, 그러나"
互い,たがい,"mutual, each other",N3,"상호, 서로"
高める,たかめる,"to raise, to lift, to boost",N3,"높이다, 들어올리다, 높이다"
宝,たから,treasure,N3,보물
宅,たく,"house, home",N3,"집, 집"
炊く,たく,"to boil, to cook",N3,"삶다, 요리하다"
焚く,たく,"to burn, to kindle, to build a fire",N3,"태우다, 불을 붙이다, 불을 피우다"
抱く,だく,"to embrace, to hug",N3,"포옹하다, 포옹하다"
だけど,だけど,however,N3,하지만
たしか,たしか,"certain, sure, if I remember correctly",N3,"물론이죠, 물론이죠, 제 기억이 맞다면요"
確かめる,たしかめる,"to ascertain, to make sure",N3,"확인하다, 확실히 하다"
多少,たしょう,a little (same as 少し (すこし)),N3,조금
助かる,たすかる,to be saved; (something) helps (v.i.),N3,구원받기 위해; (뭔가) 도움이 (v.i.)
助ける,たすける,"to help (v.t.), to save, to rescue",N3,"도와주다(v.t.), 구원하다, 구출하다"
ただ,ただ,free of charge; just (~); only (~),N3,무료; 그냥 (~); 오직 (~)
只,ただ,"free of charge, mere, only",N3,"무료로, 단지, 단지"
唯,ただ,"mere, sole, plain",N3,"단순한, 유일한, 평범한"
戦い,たたかい,"battle, fight",N3,"전투, 싸우다"
戦う,たたかう,"to fight, to compete, to battle",N3,"싸우다, 경쟁하다, 싸우다"
叩く,たたく,"to strike, to beat",N3,"때리다, 때리다"
直ちに,ただちに,"at once, immediately",N3,"즉시, 즉시"
畳む,たたむ,to fold (clothes),N3,(옷을) 접다
立ち上がる,たちあがる,to stand up,N3,일어서다
立場,たちば,"standpoint, position, situation",N3,"입장, 위치, 상황"
建つ,たつ,"to stand; to be built (v.i.), to erect, to be erected",N3,"서다; 건축되다 (v.i.), 세우다, 세우다"
経つ,たつ,(time) passes,N3,(시간이) 지나가다
達する,たっする,"to reach, to get to",N3,"도달하다, 도달하다"
唯,たった,"only, just",N3,"단지, 단지"
だって,だって,"but, because, even",N3,"하지만, 왜냐하면, 심지어"
たっぷり,たっぷり,"full, in plenty, ample",N3,"가득한, 넉넉한, 넉넉한"
たとえ,たとえ,"even if, no matter, though",N3,"그래도, 아무리 그래도"
谷,たに,valley,N3,골짜기
他人,たにん,"unrelated person, stranger",N3,"관련 없는 사람, 낯선 사람"
種,たね,seed; material; cause,N3,씨앗; 재료; 원인
束,たば,"bunch, bundle",N3,"뭉치, 묶음"
足袋,たび,Japanese socks (with split toe),N3,일본식 양말(발가락이 갈라진 양말)
度,たび,counter for occurrences,N3,발생 카운터
旅,たび,"travel, trip, journey",N3,"여행, 여행, 여행"
たびたび,たびたび,"often, repeatedly, frequently",N3,"자주, 반복적으로, 자주"
玉,たま,"ball, sphere, coin",N3,"공, 구체, 동전"
球,たま,"globe, sphere, ball",N3,"지구본, 구, 공"
弾,たま,"bullet, shot",N3,"총알, 총"
偶,たま,"even number, couple, friend",N3,"짝수, 커플, 친구"
騙す,だます,"to trick, to cheat, to deceive",N3,"속이다, 속이다, 속이다"
偶々,たまたま,"unexpectedly, accidentally, by chance",N3,"뜻하지 않게, 우연히, 우연히"
たまらない,たまらない,"intolerable, unbearable, unendurable",N3,"참을 수 없는, 견딜 수 없는, 참을 수 없는"
溜まる,たまる,"to collect, to gather, to accumulate",N3,"모으다, 모으다, 축적하다"
黙る,だまる,to be silent,N3,침묵하다
試し,ためし,"trial, test",N3,"재판, 테스트"
試す,ためす,"to attempt, to test",N3,"시도하다, 시험하다"
溜める,ためる,"to accumulate, to collect",N3,"축적하다, 모으다"
便り,たより,"news, correspondence, letter",N3,"뉴스, 서신, 편지"
頼る,たよる,"to rely on, to have recourse to, to depend on",N3,"의지하다, 의지하다, 의존하다"
段,だん,"step, stair, grade",N3,"계단,계단,등급"
単位,たんい,"credit (for a course in school); unit, denomination",N3,"학점(학교 과정); 단위, 명칭"
単語,たんご,word; vocabulary,N3,단어; 어휘
男子,だんし,young man,N3,청년
単純,たんじゅん,simplicity,N3,간단
誕生,たんじょう,birth,N3,출생
ダンス,ダンス,dance,N3,춤
団体,だんたい,"organization, association",N3,"조직, 협회"
担当,たんとう,(in) charge,N3,(에서) 담당
単なる,たんなる,"mere, simple, sheer",N3,"단순한, 단순한, 투명한"
単に,たんに,"simply, merely",N3,"단순히, 단지"
地,ち,earth,N3,지구
地位,ちい,"(social) position, status",N3,"(사회적) 지위, 신분"
地域,ちいき,"area, region",N3,"지역, 지역"
チーズ,チーズ,cheese,N3,치즈
チーム,チーム,team,N3,팀
知恵,ちえ,"wisdom, wit, intelligence",N3,"지혜, 재치, 지능"
地下,ちか,"basement, underground",N3,"지하, 지하"
違い,ちがい,"difference, discrepancy",N3,"차이, 불일치"
違いない,ちがいない,"(phrase) sure, no mistaking it, for certain",N3,"(문구) 물론이죠, 착각하지 마세요, 확실히요"
近頃,ちかごろ,"lately, recently, nowadays",N3,"요즘, 요즘, 요즘"
地球,ちきゅう,the earth,N3,지구
地区,ちく,"district, section",N3,"지구, 섹션"
遅刻,ちこく,"lateness, late coming",N3,"지각하다, 늦게 오다"
知事,ちじ,prefectural governor,N3,현 지사
知識,ちしき,"knowledge, information",N3,"지식, 정보"
父親,ちちおや,father,N3,아버지
知能,ちのう,"intelligence, brains",N3,"지능, 두뇌"
地平線,ちへいせん,horizon,N3,수평선
地方,ちほう,"area, locality, region",N3,"지역, 지방, 지역"
茶,ちゃ,tea,N3,차
チャンス,チャンス,"chance, opportunity",N3,"기회, 기회"
ちゃんと,ちゃんと,"perfectly, properly, exactly",N3,"완벽하게, 적절하게, 정확하게"
中,ちゅう,"inside, middle, among",N3,"내부, 중간, 가운데"
注,ちゅう,"annotation, explanatory note",N3,"주석, 설명문"
中央,ちゅうおう,"central, center, middle",N3,"중앙, 중앙, 중간"
中学,ちゅうがく,"middle school, junior high school",N3,"중학교, 중학교"
中古,ちゅうこ,"used, second-hand",N3,"중고, 중고"
中止,ちゅうし,"suspension, stoppage, discontinuance",N3,"정지, 정지, 중단"
駐車,ちゅうしゃ,"parking (e.g., car)",N3,주차(예: 자동차)
昼食,ちゅうしょく,lunch (same as ?ご飯 (ひるごはん)),N3,점심(?ご飯(ひuruごはん)과 동일)
中心,ちゅうしん,"center, core",N3,"중심, 핵심"
注目,ちゅうもく,"notice, attention, observation",N3,"주의, 주의, 관찰"
注文,ちゅうもん,"order, request",N3,"주문, 요청"
長期,ちょうき,long time period,N3,오랜 기간
調査,ちょうさ,survey; investigation,N3,조사; 조사
調子,ちょうし,"condition, state, tune, tone",N3,"상태, 상태, 조율, 톤"
頂上,ちょうじょう,"top, summit, peak",N3,"정상, 정상, 봉우리"
ちょうだい,ちょうだい,-- colloquial form of ください; typically used by children or women --,N3,-- kuだsai의 구어체 형태; 일반적으로 어린이나 여성이 사용합니다.
貯金,ちょきん,(bank) savings,N3,(은행) 저축
直接,ちょくせつ,"direct, immediate, firsthand",N3,"직접적인, 즉각적인, 직접적으로"
著者,ちょしゃ,"author, writer",N3,"작가, 작가"
散らす,ちらす,"to scatter, to disperse, to distribute",N3,"흩어지게 하다, 분산시키다, 분산시키다"
散る,ちる,"to fall, to scatter (e.g., blossoms)",N3,"떨어지다, 흩어지다 (예: 꽃이 피다)"
遂に,ついに,"finally, at last",N3,"드디어, 드디어"
通過,つうか,"passage through, passing",N3,"통과하다, 지나가다"
通貨,つうか,currency,N3,통화
通学,つうがく,commuting to school,N3,학교로 통근
通勤,つうきん,commuting to work,N3,직장으로 통근
通行,つうこう,"passage, passing",N3,"통과하다, 지나가다"
通じる,つうじる,"to run to, to lead to, to communicate",N3,"달려가다, 이끌다, 소통하다"
通信,つうしん,"correspondence, communications",N3,"서신, 통신"
通訳,つうやく,interpretation; interpreter,N3,해석; 통역사
捕まる,つかまる,to be arrested; to be caught,N3,체포되다; 잡힐
掴む,つかむ,"to seize, to catch, to grasp",N3,"붙잡다, 붙잡다, 붙잡다"
疲れ,つかれ,"tiredness, fatigue",N3,"피로, 피로"
付き合い,つきあい,socialization; friendship; association,N3,사회화; 우정; 협회
付合う,つきあう,"to associate with, to keep company with, to get on with",N3,"어울리다, 어울리다, 어울리다, 어울리다"
次々,つぎつぎ,"in succession, one by one",N3,"차례로, 하나씩"
付く,つく,"to adjoin, to be attached, to adhere",N3,"인접하다, 부착하다, 부착하다"
就く,つく,"to settle in (place), to take (seat position), to study (under teacher)",N3,"(자리에) 자리를 잡다, 앉다(자리에 앉다), 공부하다(선생님 밑에서)"
突く,つく,"to thrust, to strike; to poke",N3,"찌르다, 공격하다; 찌르다"
次ぐ,つぐ,"to rank next to, to come after",N3,"다음 순위에 오다, 뒤따르다"
注ぐ,つぐ,to pour (into),N3,(에) 붓다
付ける,つける,"to attach, to join, to add",N3,"첨부하다, 합류하다, 추가하다"
着ける,つける,"to put on, to wear; to draw up",N3,"입다, 입다; 작성하다"
伝わる,つたわる,"to be handed down, to be transmitted",N3,"전해지다, 전해지다"
土,つち,"earth, soil",N3,"흙, 흙"
続き,つづき,"sequel, continuation",N3,"속편, 계속"
包み,つつみ,"bundle, package",N3,"묶음, 꾸러미"
勤め,つとめ,"work, employment",N3,"일, 취업"
務め,つとめ,duty,N3,의무
繋がる,つながる,"to be connected to, to be related to",N3,"~에 연결되다, 관련되다"
繋ぐ,つなぐ,"to tie, to fasten, to connect",N3,"묶다, 묶다, 연결하다"
繋げる,つなげる,to connect,N3,연결하다
常に,つねに,always (same as いつも) (written expression),N3,항상 (いつも와 동일) (쓰기 표현)
翼,つばさ,wings,N3,날개
つまり,つまり,namely; in other words; in short,N3,즉; 다시 말해서; 요컨대
罪,つみ,"crime, fault, indiscretion",N3,"범죄, 잘못, 무분별함"
積む,つむ,"to pile up, to stack",N3,"쌓다, 쌓다"
詰める,つめる,"to pack, to shorten, to work out (details)",N3,"포장하다, 단축하다, 운동하다(자세히)"
積もる,つもる,to pile up,N3,쌓다
梅雨,つゆ,rainy season,N3,우기
辛い,つらい,"painful, heart-breaking",N3,"고통스러운, 가슴 아픈"
釣,つり,fishing,N3,어업
連れ,つれ,"companion, company",N3,"동반자, 회사"
出,で,"outflow, coming (going) out, graduate (of)",N3,"유출, 나오다, 졸업하다"
出会い,であい,"meeting, rendezvous, encounter",N3,"만남, 랑데부, 만남"
出合い,であい,an encounter,N3,만남
出会う,であう,"to meet by chance, to come across, to happen to encounter",N3,"우연히 만나다, 우연히 만나다, 우연히 만나다"
提案,ていあん,"proposal, proposition, suggestion",N3,"제안, 제안, 제안"
定期,ていき,fixed term,N3,고정 기간
抵抗,ていこう,"resistance, opposition",N3,"저항, 반대"
提出,ていしゅつ,"presentation, submission, filing",N3,"발표, 제출, 접수"
停電,ていでん,failure of electricity,N3,정전
程度,ていど,"degree, amount, level",N3,"정도, 양, 레벨"
停留所,ていりゅうじょ,bus or tram stop,N3,버스나 트램 정류장
デート,デート,date (in the sense of 'social engagement' only),N3,날짜('사회적 참여'의 의미에서만)
敵,てき,"enemy, rival",N3,"적, 라이벌"
出来事,できごと,"incident happening, event",N3,"사건이 일어나다, 사건이 일어나다"
適する,てきする,"to fit, to suit",N3,"어울리다, 어울리다"
適切,てきせつ,"appropriate, adequate, relevance",N3,"적절한, 적절한, 관련성"
適度,てきど,moderate,N3,보통의
適用,てきよう,applying,N3,신청
できれば,できれば,if possible…,N3,가능하다면…
手品,てじな,"conjuring trick, magic",N3,"마술, 요술"
ですから,ですから,therefore,N3,그러므로
鉄,てつ,iron,N3,철
哲学,てつがく,philosophy,N3,철학
手伝い,てつだい,"help, helper, assistant",N3,"도움, 도우미, 보조자"
徹底,てってい,"thoroughness, completeness",N3,"철저함, 완전함"
鉄道,てつどう,railway; railroad,N3,철도; 철도
徹夜,てつや,"staying up all night, sleepless night",N3,밤새워 잠 못 이루는 밤
手間,てま,"time, labor",N3,"시간, 노동"
デモ,デモ,"demo, demonstration",N3,"데모, 시연"
典型,てんけい,"type, pattern, archetypal",N3,"유형, 패턴, 원형"
天候,てんこう,weather,N3,날씨
電子,でんし,electron; electronic,N3,전자; 전자
テント,テント,tent,N3,텐트
伝統,でんとう,"tradition, convention",N3,"전통, 관습"
天然,てんねん,"nature, spontaneity",N3,"자연스러움, 자발성"
問い,とい,"question, query",N3,"질문, 질의"
党,とう,party (political),N3,정당 (정치적)
塔,とう,"tower, pagoda",N3,"탑, 탑"
答案,とうあん,"examination paper, examination script",N3,"시험지, 시험 대본"
同一,どういつ,"identity, sameness, similarity",N3,"동일성, 동일성, 유사성"
銅貨,どうか,copper coin,N3,구리 동전
当時,とうじ,"at that time, in those days (same as そのころ)",N3,"그 당시, 그 당시 (そのとろ와 동일)"
動詞,どうし,verb,N3,동사
同時,どうじ,"simultaneous(ly), same time",N3,"동시(ly), 같은 시간"
どうしても,どうしても,"at any cost, no matter what, no matter how hard one tries",N3,"어떤 대가를 치르더라도, 무슨 일이 있어도, 아무리 노력해도"
どうぞよろしく,どうぞよろしく,pleased to meet you,N3,만나서 반가워요
到着,とうちゃく,arrival,N3,도착
道徳,どうとく,morals,N3,수신
投票,とうひょう,"voting, poll",N3,"투표, 여론조사"
東洋,とうよう,Orient,N3,동양
同様,どうよう,"identical, same (kind), like",N3,"같은, 같은 (종류), 같은"
童謡,どうよう,"children's song, nursery rhyme",N3,"동요, 동요"
同僚,どうりょう,colleague; co-worker,N3,동료; 동료
道路,どうろ,road,N3,도로
通す,とおす,"to let pass, to overlook, to continue",N3,"지나가다, 간과하다, 계속하다"
通り過ぎる,とおりすぎる,"to pass, to pass through",N3,"통과하다, 통과하다"
都会,とかい,city,N3,도시
溶く,とく,to dissolve (paint),N3,(페인트를) 녹이다
解く,とく,"to unfasten; answer, solve",N3,"풀다; 대답하다, 해결하다"
退く,どく,"to retreat, to recede, to withdraw",N3,"후퇴하다, 후퇴하다, 철수하다"
毒,どく,"poison, toxicant",N3,"독, 유독한"
得意,とくい,"pride, triumph, prosperity",N3,"자부심, 승리, 번영"
読書,どくしょ,reading,N3,독서
独身,どくしん,"single, unmarried",N3,"미혼, 미혼"
特徴,とくちょう,characteristic(s); feature(s); trait(s),N3,형질); 특징); 특성
特長,とくちょう,"forte, merit",N3,"장점, 장점"
独特,どくとく,"peculiarity, uniqueness, characteristic",N3,"독특함, 독창성, 특징"
独立,どくりつ,"independence (e.g., Ind. Day), self-support",N3,"독립(예: 광복절), 자립"
溶ける,とける,"to melt, to thaw, to dissolve",N3,"녹다, 녹이다, 녹이다"
解ける,とける,"to come untied, to come apart",N3,"풀리다, 헤어지다"
どこか,どこか,"somewhere, anywhere",N3,"어디든, 어디든"
ところが,ところが,"however, while, even if",N3,"그러나, 비록, 비록"
ところで,ところで,by the way; even if,N3,그런데; 설사
登山,とざん,mountain-climbing,N3,등산
都市,とし,"town, city, urban",N3,"마을, 도시, 도시"
年月,としつき,months and years,N3,몇 달과 몇 년
図書,としょ,books,N3,서적
年寄,としより,"old people, the aged",N3,"노인들, 노인들"
閉じる,とじる,"to close (e.g., book, eyes), to shut",N3,"(예: 책, 눈을) 닫다, 닫다"
途端,とたん,"just (now, at the moment, etc.)",N3,"단지 (지금, 이 순간 등)"
土地,とち,"plot of land, lot, soil",N3,"토지, 부지, 흙"
突然,とつぜん,"abruptly, suddenly, unexpectedly",N3,"갑자기, 갑자기, 예기치 않게"
トップ,トップ,top,N3,맨 위
届く,とどく,to reach,N3,도달하다
とにかく,とにかく,"anyhow, at any rate, anyway",N3,"어쨌든, 어쨌든, 어쨌든"
飛ばす,とばす,"to skip over, to omit",N3,"건너뛰다, 생략하다"
飛び出す,とびだす,"to jump out, to rush out, to fly out",N3,"뛰쳐나오다, 뛰쳐나오다, 튀어나오다"
留める,とめる,"to fasten, to turn off, to detain",N3,"고정하다, 끄다, 억류하다"
泊める,とめる,to have someone stay (over night) (v.t.),N3,누군가를 머물게 하다 (over night) (v.t.)
友,とも,"friend, companion, pal",N3,"친구, 동반자, 친구"
共に,ともに,"sharing with, participate in",N3,"~와 공유하다, 참여하다"
虎,とら,tiger,N3,호랑이
ドライブ,ドライブ,"drive, driving",N3,"운전하다, 운전하다"
トラック,トラック,truck; (running) track,N3,트럭; (달리는) 트랙
ドラマ,ドラマ,drama,N3,드라마
トランプ,トランプ,playing cards (lit: trump),N3,카드 놀이 (점등: 트럼프)
取り上げる,とりあげる,"to take up, to pick up; to confiscate",N3,"받아들이다, 집어들다; 압수하다"
努力,どりょく,"great effort, exertion, endeavor",N3,"엄청난 노력, 수고, 노력"
トレーニング,トレーニング,training,N3,훈련
ドレス,ドレス,dress,N3,드레스
取れる,とれる,"to come off, to be taken off",N3,"벗다, 벗다"
泥,どろ,mud,N3,진흙
トン,トン,ton (1000 lbs.),N3,톤(1000파운드)
とんでもない,とんでもない,"outrageous, No way!",N3,"터무니없어, 절대 안돼!"
どんなに,どんなに,"how, how much",N3,"어떻게, 얼마나"
トンネル,トンネル,tunnel,N3,터널
名,な,"name, reputation",N3,"이름, 평판"
内容,ないよう,"subject, contents, detail",N3,"주제, 내용, 세부정보"
なお,なお,"still, yet",N3,"아직, 아직"
仲,なか,"relation, relationship",N3,"관계, 관계"
流す,ながす,"to drain, to float, to shed (e.g., blood, tears)",N3,"흘리다, 떠다니다, 흘리다(예: 피, 눈물)"
半ば,なかば,"middle, halfway",N3,"중간, 중간"
仲間,なかま,"company, fellow, colleague, associate",N3,"회사, 동료, 동료, 동료"
中身,なかみ,content(s); substance,N3,내용물); 물질
中味,なかみ,"contents, interior, filling",N3,"내용,인테리어,필링"
眺め,ながめ,scene; view; prospect; outlook,N3,장면; 보다; 전망; 시야
眺める,ながめる,"to view, to gaze at",N3,"보다, 응시하다"
流れ,ながれ,"stream, current",N3,"스트림, 현재"
流れる,ながれる,"to flow, to be washed away",N3,"흐르다, 씻겨 나가다"
亡くす,なくす,to lose someone,N3,누군가를 잃다
殴る,なぐる,to strike; to hit; to punch,N3,파업하다; 치다; 펀치
無し,なし,without,N3,없이
なぜなら,なぜなら,because,N3,왜냐하면
謎,なぞ,"riddle, puzzle, enigma",N3,"수수께끼, 수수께끼, 수수께끼"
納得,なっとく,"consent, assent, understanding",N3,"동의, 동의, 이해"
何か,なにか,something,N3,무엇
なにも,なにも,nothing,N3,아무것도 아님
鍋,なべ,"saucepan, pot",N3,"냄비, 냄비"
生,なま,"raw, unprocessed",N3,가공되지 않은 원시
怠ける,なまける,"to be idle, to neglect",N3,"게으르다, 방치하다"
波,なみ,wave,N3,파도
涙,なみだ,tear,N3,눈물
悩む,なやむ,"to agonize, to be troubled",N3,"고민하다, 고민하다"
鳴らす,ならす,"to ring, to sound",N3,"울리다, 소리를 내다"
為る,なる,"to change, to be of use, to reach to",N3,"변화하다, 유용하다, 도달하다"
生る,なる,to bear fruit,N3,열매를 맺다
馴れる,なれる,"to become domesticated, to become tame",N3,"길들여지다, 길들여지다"
縄,なわ,rope,N3,로프
何で,なんで,"Why, What for",N3,"왜, 무엇을 위해"
何でも,なんでも,"by all means, everything",N3,"꼭, 모든 것"
何とか,なんとか,"somehow, anyhow, one way or another",N3,"어떻게든, 어쨌든, 어떤 식으로든"
似合う,にあう,"to suit (a person), to match (clothing), (something) becomes (someone)",N3,"(사람)에 어울리게 하다, 어울리다 (옷), (무엇)이 (누군가)가 되다"
煮える,にえる,"to boil, to cook, to be cooked",N3,"삶다, 요리하다, 요리하다"
苦手,にがて,"poor (at), weak (in), dislike (of)",N3,"가난한 (at), 약한 (in), 싫어하는 (of)"
握る,にぎる,"to grasp, to seize, to mold sushi",N3,"붙잡다, 붙잡다, 초밥을 만들다"
日,にち,day,N3,낮
日常,にちじょう,"ordinary, regular, everyday",N3,"평범한, 보통의, 매일의"
日光,にっこう,sunlight,N3,햇빛
日中,にっちゅう,"daytime, broad daylight",N3,"낮, 대낮"
にっこり,にっこり,"smile sweetly, smile, grin",N3,"상냥하게 웃다, 웃다, 웃다"
日本,にっぽん,Japan,N3,일본
日本,にほん,Japan,N3,일본
入場,にゅうじょう,"entrance, admission, entering",N3,"입구, 입학, 입장하다"
煮る,にる,"to boil, to cook",N3,"삶다, 요리하다"
人気,にんき,popularity,N3,인기
人間,にんげん,"human being, person",N3,"인간, 사람"
抜く,ぬく,"to extract, to omit, to unplug",N3,"추출하다, 생략하다, 뽑아내다"
抜ける,ぬける,"to come out, to fall out, to be omitted",N3,"나오다, 빠지다, 생략되다"
布,ぬの,cloth,N3,옷감
濡らす,ぬらす,"to wet, to soak",N3,"젖다, 담그다"
根,ね,root,N3,뿌리
値,ね,"value, price, cost",N3,"가치, 가격, 비용"
願い,ねがい,"desire, wish, request",N3,"욕망, 소원, 요청"
願う,ねがう,"to desire, to wish, to request",N3,"원하다, 바라다, 요청하다"
鼠,ねずみ,"mouse, rat",N3,"쥐, 쥐"
熱帯,ねったい,tropics,N3,열대
熱中,ねっちゅう,"enthusiasm, zeal, mania",N3,"열정, 열정, 매니아"
年間,ねんかん,year,N3,년도
年月,ねんげつ,months and years,N3,몇 달과 몇 년
年中,ねんじゅう,"whole year, always, everyday",N3,"일년 내내, 항상, 매일"
年代,ねんだい,"age, era, period",N3,"나이, 시대, 기간"
年齢,ねんれい,"age, years",N3,"나이, 년"
野,の,field,N3,필드
能,のう,"being skilled in, nicely, properly",N3,"능숙하게, 훌륭하게, 적절하게"
農家,のうか,"farmer, farm family",N3,"농부, 농장 가족"
農業,のうぎょう,agriculture,N3,농업
農民,のうみん,"farmers, peasants",N3,"농부, 농민"
能力,のうりょく,"ability, faculty",N3,"능력, 학력"
ノー,ノー,no,N3,아니요
軒,のき,eaves,N3,처마
残す,のこす,"to leave (behind, over), to save, to reserve",N3,"떠나다 (뒤에, 위에), 저장하다, 예약하다"
残り,のこり,"remaining, left-over",N3,"남은, 남은"
乗せる,のせる,"to place on (something), to take on board",N3,"(무엇)에 싣다, 싣다"
載せる,のせる,to place on (something); to publish,N3,(무언가) 위에 놓다; 출판하다
覗く,のぞく,"to peek in, to look in",N3,"엿보다, 들여다보다"
除く,のぞく,"to remove, to exclude, to except",N3,"제외하다, 제외하다, 제외하다"
望み,のぞみ,"wish, desire, (a) hope",N3,"소원, 욕망, (a) 희망"
望む,のぞむ,"to desire, to wish for; to view",N3,"원하다, 바라다; 보기"
後,のち,"afterwards, since then",N3,"그 이후, 그 이후로"
ノック,ノック,knock; fungo (baseball),N3,노크; 펑고(야구)
伸ばす,のばす,"to extend, to stretch, to reach out",N3,"확장하다, 뻗다, 손을 뻗다"
延ばす,のばす,"to extend, to stretch, to reach out",N3,"확장하다, 뻗다, 손을 뻗다"
伸びる,のびる,"to extend, to make progress, to grow",N3,"확장하다, 발전하다, 성장하다"
延びる,のびる,to be prolonged,N3,연장하다
述べる,のべる,"to state, to express, to mention",N3,"진술하다, 표현하다, 언급하다"
上る,のぼる,"to ascend, to go up, to climb",N3,"오르다, 오르다, 올라가다"
昇る,のぼる,"to arise, to ascend, to go up",N3,"일어나다, 올라가다, 올라가다"
載る,のる,"to appear (in print), to be recorded",N3,"(인쇄물에) 나타나다, 기록되다"
のんびり,のんびり,"carefree, at leisure",N3,"한가로운, 여유로운"
場,ば,"place, field (physics)",N3,"장소, 들판(물리)"
はあ (かん),はあ (かん),(sigh),N3,(한숨을 쉬다)
パーセント,パーセント,percent,N3,퍼센트
灰,はい,ash,N3,금연 건강 증진 협회
梅雨,ばいう,rainy season,N3,우기
バイオリン,バイオリン,violin,N3,바이올린
ハイキング,ハイキング,hiking,N3,하이킹
配達,はいたつ,"delivery, distribution",N3,"배송, 유통"
パイプ,パイプ,pipe; channels official or otherwise,N3,파이프; 공식 채널 또는 기타 채널
俳優,はいゆう,"actor, actress, performer",N3,"배우, 배우, 연기자"
パイロット,パイロット,pilot,N3,조종사
生える,はえる,"to grow, to spring up; to cut (teeth)",N3,"자라다, 솟아오르다; (이를) 자르다"
墓,はか,"grave, tomb",N3,"무덤, 무덤"
馬鹿,ばか,"fool, idiot",N3,"바보, 바보"
博士,はかせ,"doctorate, PhD., doctor",N3,"박사, 박사, 의사"
計る,はかる,"to measure, to weigh, to survey",N3,"측정하다, 무게를 재다, 측량하다"
量る,はかる,"to measure, to weigh, to survey",N3,"측정하다, 무게를 재다, 측량하다"
測る,はかる,"to measure, to weigh, to survey",N3,"측정하다, 무게를 재다, 측량하다"
掃く,はく,"to sweep, to brush, to gather up",N3,"쓸어내다, 닦다, 모으다"
吐く,はく,"to throw up, to vomit",N3,"토하다, 토하다"
拍手,はくしゅ,"clapping hands, applause",N3,"박수, 박수"
莫大,ばくだい,"enormous, vast",N3,"거대한, 광대한"
爆発,ばくはつ,"explosion, detonation, eruption",N3,"폭발, 폭발, 분출"
博物館,はくぶつかん,museum,N3,박물관
激しい,はげしい,"violent, vehement, intense",N3,"폭력적인, 맹렬한, 격렬한"
はさみ,はさみ,scissors,N3,가위
破産,はさん,(personal) bankruptcy,N3,(개인) 파산
端,はし,"end (e.g., of street), edge, margin",N3,"끝(예: 거리), 가장자리, 여백"
始まり,はじまり,"origin, beginning",N3,"기원, 시작"
パス,パス,"path, pass (in games)",N3,"경로, 패스(게임 내)"
外す,はずす,"to unfasten, to remove",N3,"풀다, 풀다"
パスポート,パスポート,passport,N3,여권
外れる,はずれる,"to be disconnected, to be out (e.g., of gear)",N3,"연결이 끊어지다, 나가다(예: 장비가 없어짐)"
旗,はた,flag,N3,깃발
肌,はだ,skin,N3,피부
裸,はだか,"naked, nude",N3,"벌거벗은, 나체"
畑,はたけ,"field, patch",N3,"필드, 패치"
働き,はたらき,"work, labor",N3,"일, 노동"
バッグ,バッグ,bag,N3,가방
発見,はっけん,"discovery, detection, finding",N3,"발견, 탐지, 발견"
発行,はっこう,issue (publications),N3,이슈(출판물)
発車,はっしゃ,departure of a vehicle,N3,차량 출발
発射,はっしゃ,"firing, shooting, discharge",N3,"사격, 사격, 발사"
罰する,ばっする,"to punish, to penalize",N3,"처벌하다, 처벌하다"
発達,はったつ,"development, growth",N3,"발전, 성장"
ばったり,ばったり,(to meet) by chance,N3,(만나다) 우연히
発展,はってん,"development, growth, progress",N3,"발전, 성장, 진보"
発表,はっぴょう,announcement; publication; presentation,N3,발표; 출판; 프레젠테이션
発明,はつめい,invention,N3,발명
派手,はで,"showy, flashy, gaudy",N3,"화려한, 화려한, 화려한"
話し合う,はなしあう,"to discuss, to talk together",N3,"토론하다, 함께 이야기하다"
離す,はなす,"to part, to separate",N3,"헤어지다, 분리하다"
放す,はなす,"to separate, to set free",N3,"분리하다, 자유롭게 하다"
離れる,はなれる,"(something, someone) separates; parts from; to be apart",N3,"(무언가, 누군가가) 헤어진다; 부품; 떨어져 있다"
放れる,はなれる,"to leave, to get free, to cut oneself off",N3,"떠나다, 자유로워지다, 자신을 잘라내다"
羽,はね,wing,N3,비행
羽根,はね,feather,N3,깃털
幅,はば,"width, breadth",N3,"너비, 폭"
母親,ははおや,mother,N3,어머니
省く,はぶく,"to omit, to eliminate",N3,"생략하다, 없애다"
場面,ばめん,"scene, setting (e.g., of novel)",N3,"장면, 배경(예: 소설의)"
流行る,はやる,"to be popular, to come into fashion",N3,"인기를 끌다, 유행을 타다"
腹,はら,"abdomen, belly, stomach",N3,"복부, 배, 배"
原,はら,"field, plain",N3,"들판, 평원"
バランス,バランス,balance,N3,균형
針,はり,"needle, hand (e.g., clock)",N3,"바늘, 손 (예: 시계)"
範囲,はんい,"extent, scope, range",N3,"범위, 범위, 범위"
反抗,はんこう,"opposition, resistance",N3,"반대, 저항"
犯罪,はんざい,crime,N3,범죄
ハンサム,ハンサム,handsome,N3,멋있는
反省,はんせい,"reflection, reconsideration, regret",N3,"반성, 재검토, 후회"
判断,はんだん,"judgment, decision",N3,"판단, 결정"
犯人,はんにん,"offender, criminal",N3,"범죄자, 범죄자"
販売,はんばい,"sale, selling, marketing",N3,"판매, 판매, 마케팅"
灯,ひ,light,N3,빛
ビール,ビール,beer,N3,맥주
被害,ひがい,damage,N3,손상
比較,ひかく,comparison,N3,비교
ピクニック,ピクニック,picnic,N3,피크닉
悲劇,ひげき,tragedy,N3,비극
飛行,ひこう,"aviation, flight",N3,"항공, 비행"
膝,ひざ,"knee, lap",N3,"무릎, 무릎"
非常,ひじょう,"emergency, extraordinary, unusual",N3,"비상사태, 특별한, 특이한"
美人,びじん,beautiful person (woman),N3,아름다운 사람(여자)
額,ひたい,"forehead, brow",N3,"이마, 이마"
日付,ひづけ,"date, dating",N3,"데이트, 데이트"
引越し,ひっこし,"moving, changing residence",N3,"이사하다, 거주지를 바꾸다"
必死,ひっし,"desperation, frantic, inevitable result",N3,"절망, 광란, 피할 수 없는 결과"
ぴったり,ぴったり,"exactly, neatly, sharp",N3,"정확하게, 깔끔하게, 날카롭게"
引っ張る,ひっぱる,"to pull, to stretch, to drag",N3,"당기다, 늘리다, 끌다"
否定,ひてい,"negation, denial",N3,"부정, 부정"
ビデオ,ビデオ,video tape; VCR,N3,비디오테이프; VCR
一言,ひとこと,one word,N3,한 단어
人込み,ひとごみ,crowd of people,N3,사람들의 군중
等しい,ひとしい,equal,N3,동일한
独り,ひとり,"alone, unmarried",N3,"혼자, 미혼"
一人一人,ひとりひとり,"one by one, each",N3,"하나씩, 각자"
批判,ひはん,criticism,N3,비판
批評,ひひょう,"criticism, review, commentary",N3,"비판, 평론, 논평"
秘密,ひみつ,"secret, secrecy",N3,"비밀, 비밀"
微妙,びみょう,"delicate, subtle",N3,"섬세한, 미묘한"
紐,ひも,"string, cord",N3,"끈, 코드"
冷やす,ひやす,"to cool, to refrigerate",N3,"식히다, 냉장보관하다"
費用,ひよう,"cost, expense",N3,"비용, 비용"
表,ひょう,"table (e.g., Tab 1), chart, list",N3,"표(예: 탭 1), 차트, 목록"
秒,びょう,second (60th min),N3,초(60분)
評価,ひょうか,"assessment, evaluation",N3,"평가, 평가"
表現,ひょうげん,"expression, presentation",N3,"표현, 프리젠테이션"
表情,ひょうじょう,facial expression,N3,표정
平等,びょうどう,"equality, impartiality, evenness",N3,"평등, 공정함, 공평함"
評判,ひょうばん,"fame, reputation",N3,"명성, 평판"
表面,ひょうめん,"surface, outside, face",N3,"표면, 외부, 얼굴"
広がる,ひろがる,"to spread (out), to extend, to stretch, to reach to, to get around",N3,"(밖으로) 퍼지다, 확장하다, 뻗다, 도달하다, 돌아다니다"
広げる,ひろげる,"to spread, to extend, to expand, to enlarge",N3,"확장하다, 확장하다, 확장하다, 확대하다"
広める,ひろめる,"to broaden, to propagate",N3,"확대하다, 전파하다"
品,ひん,"goods; taste, elegance",N3,"상품; 맛, 고급스러움"
瓶,びん,bottle,N3,병
便,びん,"way, means; flight",N3,"방법, 수단; 비행"
ピン,ピン,pin,N3,핀
不,ふ,"un(~), non(~), negative prefix",N3,"un(~), non(~), 부정 접두사"
不,ぶ,"un(~), non(~), negative prefix",N3,"un(~), non(~), 부정 접두사"
無,ぶ,"nothing, naught, nil, zero",N3,"아무것도, 아무것도, 전혀, 제로"
分,ぶ,"dividing, part",N3,"나누다, 부분하다"
不安,ふあん,"anxiety, uneasiness",N3,"불안, 불안"
風景,ふうけい,scenery,N3,경치
夫婦,ふうふ,"married couple, husband and wife",N3,"부부, 남편과 아내"
笛,ふえ,"flute, whistle",N3,"플루트, 휘파람"
不可,ふか,"wrong, bad, impossible",N3,"틀리다, 나쁘다, 불가능하다"
深まる,ふかまる,to deepen,N3,심화하다
武器,ぶき,"weapon, arms",N3,"무기, 무기"
拭く,ふく,"to wipe, to dry",N3,"닦다, 말리다"
服装,ふくそう,"clothes, attire",N3,"옷, 복장"
含む,ふくむ,"to contain, to include",N3,"포함하다, 포함하다"
含める,ふくめる,to include,N3,포함하다
袋,ふくろ,"bag, sack",N3,"가방, 자루"
不幸,ふこう,"unhappiness, sorrow, misfortune",N3,"불행, 슬픔, 불운"
節,ふし,"tune, tone, knob",N3,"곡조, 톤, 손잡이"
無事,ぶじ,"safety, peace",N3,"안전, 평화"
不思議,ふしぎ,"mystery, curiosity",N3,"미스터리, 호기심"
不自由,ふじゆう,"discomfort, disability, inconvenience",N3,"불편함, 장애, 불편함"
夫人,ふじん,"wife, Mrs, madam",N3,"아내, 부인, 부인"
婦人,ふじん,woman (same as 女性 (じょせい)、女の人 (おんなのひと)),N3,여자
不正,ふせい,"injustice, unfairness",N3,"불의, 불공정"
防ぐ,ふせぐ,"to defend (against), to protect, to prevent",N3,"(반대하여) 방어하다, 보호하다, 예방하다"
不足,ふそく,"insufficiency, shortage",N3,"부족함, 부족함"
舞台,ぶたい,stage (theater),N3,무대(극장)
双子,ふたご,"twins, a twin",N3,"쌍둥이, 쌍둥이"
再び,ふたたび,"again, once more, a second time",N3,"다시 한 번, 두 번째로"
普段,ふだん,"in everyday situations, usually, ordinarily",N3,"일상적인 상황에서, 보통, 보통"
縁,ふち,"edge, rim",N3,"가장자리, 테두리"
打つ,ぶつ,"to hit, to strike",N3,"때리다, 때리다"
不通,ふつう,"blockade, interruption, stoppage",N3,"봉쇄, 방해, 중단"
物価,ぶっか,(commodity/consumer) prices,N3,(상품/소비자) 가격
ぶつかる,ぶつかる,"to strike, to collide with",N3,"부딪치다, 충돌하다"
ぶつける,ぶつける,"to knock, to strike hard, to hit and attack",N3,"두드리다, 세게 때리다, 때리고 공격하다"
物質,ぶっしつ,"material, substance",N3,"물질, 물질"
物理,ぶつり,physics,N3,물리학
筆,ふで,writing brush,N3,붓
ふと,ふと,"suddenly, accidentally, incidentally",N3,"갑자기, 우연히, 우연히"
部分,ぶぶん,"portion, section, part",N3,"부분, 부분, 부분"
不平,ふへい,"complaint, discontent, dissatisfaction",N3,"불평, 불만, 불만족"
不満,ふまん,"dissatisfaction, discontent, complaints",N3,"불만, 불만, 불만"
増やす,ふやす,"to increase (v.t.), to add to",N3,"증가시키다 (v.t.), 추가하다"
殖やす,ふやす,"to increase, to add to",N3,"늘리다, 추가하다"
プラス,プラス,plus,N3,...을 더한
プラスチック,プラスチック,plastic,N3,플라스틱
プラン,プラン,plan,N3,계획
不利,ふり,"disadvantage, drawback",N3,"단점, 결점"
振る,ふる,"to wave, to shake; to sprinkle; to cast (actor)",N3,"흔들다, 흔들다; 뿌리다; (배우를) 캐스팅하다"
震える,ふるえる,"to shiver, to shake, to quake",N3,"떨다, 흔들리다, 떨다"
ブレーキ,ブレーキ,a brake,N3,브레이크
触れる,ふれる,"to touch, to feel, to violate",N3,"만지다, 느끼다, 위반하다"
プロ,プロ,professional,N3,전문적인
分,ぶん,"dividing, part, segment",N3,"나누다, 부분, 분절"
文,ぶん,sentence,N3,문장
雰囲気,ふんいき,"atmosphere (e.g., musical), mood, ambiance",N3,"분위기(예: 음악적), 기분, 분위기"
分析,ぶんせき,analysis,N3,분석
文明,ぶんめい,civilization,N3,문명
分野,ぶんや,"field, sphere",N3,"들판, 구"
塀,へい,"wall, fence",N3,"벽, 울타리"
平均,へいきん,"equilibrium, balance, average",N3,"균형, 균형, 평균"
平和,へいわ,peace,N3,평화
別に,べつに,"(not) particularly, nothing",N3,"(아님) 특별히, 아무것도"
減らす,へらす,"to decrease, to diminish",N3,"감소하다, 줄어들다"
減る,へる,"to decrease (in size or number), to diminish",N3,"(크기나 수에 있어서) 감소하다, 줄어들다"
ベルト,ベルト,Belt for western clothes,N3,양복용 벨트
変化,へんか,"change, variation, shift",N3,"변화, 변형, 이동"
ペンキ,ペンキ,paint,N3,페인트
変更,へんこう,"change, modification, alteration",N3,"변경, 수정, 변경"
ベンチ,ベンチ,bench,N3,벤치
弁当,べんとう,box lunch,N3,도시락
方,ほう,side,N3,옆
法,ほう,Act (law: the X Act),N3,법(법률: X 법)
棒,ぼう,"pole, rod, stick",N3,"기둥, 막대, 막대기"
冒険,ぼうけん,"risk, venture, adventure",N3,"위험, 모험, 모험"
方向,ほうこう,"direction, course, way",N3,"방향, 진로, 길"
報告,ほうこく,"report, information",N3,"보고, 정보"
宝石,ほうせき,"gem, jewel",N3,"보석, 보석"
包装,ほうそう,"packing, wrapping",N3,"포장, 포장"
豊富,ほうふ,"abundance, plenty",N3,"풍부함, 풍부함"
方法,ほうほう,"method, means, technique",N3,"방법, 수단, 기술"
方々,ほうぼう,"here and there, everywhere",N3,"여기 저기, 여기저기"
訪問,ほうもん,"call, visit",N3,"전화하다, 방문하다"
吠える,ほえる,"to bark, to howl",N3,"짖다, 울부짖다"
ボーイ,ボーイ,porter; boy,N3,문지기; 소년
ボート,ボート,rowing boat,N3,노 젓는 배
ホーム,ホーム,platform; home,N3,플랫폼; 집
ボール,ボール,ball; bowl,N3,공; 그릇
他,ほか,other (esp. places and things),N3,기타(특히 장소 및 사물)
誇り,ほこり,pride,N3,자부심
埃,ほこり,dust,N3,먼지
保証,ほしょう,"guarantee, assurance, warranty",N3,"보증, 보장, 보장"
保存,ほぞん,"preservation, conservation",N3,"보존, 보존"
歩道,ほどう,walkway,N3,보도
仏,ほとけ,Buddha,N3,불
骨,ほね,bone,N3,뼈
炎,ほのお,flame,N3,불꽃
頬,ほほ,cheek (of face),N3,뺨 (얼굴의)
頬,ほお,cheek (of face),N3,뺨 (얼굴의)
ほぼ,ほぼ,"almost, roughly",N3,"거의, 대충"
微笑む,ほほえむ,to smile,N3,미소 짓다
堀,ほり,"moat, canal",N3,"해자, 운하"
濠,ほり,moat,N3,해자 외호
本当,ほんと,"truth, reality",N3,"진실, 현실"
本人,ほんにん,the person himself,N3,그 사람 자신
本物,ほんもの,genuine article,N3,정품
ぼんやり,ぼんやり,"dim, faint, vague",N3,"희미한, 희미한, 모호한"
間,ま,"space, room, pause",N3,"공간, 방, 일시 정지"
まあ,まあ,well (used when making a modest or hesitant statement),N3,글쎄 (겸손하거나 주저하는 말을 할 때 사용)
マーケット,マーケット,market,N3,시장
マイク,マイク,mic,N3,마이크
迷子,まいご,lost (stray) child,N3,길을 잃은(길 잃은) 아이
マイナス,マイナス,minus,N3,마이너스
任せる,まかせる,"to entrust to another, to leave to",N3,"남에게 맡기다, 맡기다"
巻く,まく,"to wind, to coil, to roll",N3,"감다, 감다, 굴리다"
蒔く,まく,to sow (seeds),N3,(씨앗을) 뿌리다
撒く,まく,"to scatter, to sprinkle, to sow",N3,"뿌리다, 뿌리다, 뿌리다"
幕,まく,"curtain, act (in play)",N3,"막, 막(연극 중)"
負け,まけ,"defeat, loss",N3,"패배, 손실"
孫,まご,grandchild,N3,손자
まさか,まさか,by no means,N3,결코
まさに,まさに,"correctly, surely",N3,"정확하게, 확실히"
混ざる,まざる,"to be mixed, to mingle with",N3,"섞이다, 섞이다"
交ざる,まざる,"to be mixed, to mingle with",N3,"섞이다, 섞이다"
混じる,まじる,"to be mixed, to mingle with",N3,"섞이다, 섞이다"
交じる,まじる,"to be mixed, to mingle with",N3,"섞이다, 섞이다"
増す,ます,"to increase, to gain",N3,"증가하다, 획득하다"
貧しい,まずしい,"poor, needy",N3,"가난한, 궁핍한"
マスター,マスター,"bar owner, master (e.g., arts, science)",N3,"술집 주인, 석사(예: 예술, 과학)"
ますます,ますます,"increasingly (same as もっと), more and more",N3,"점점 (도와 동일), 점점 더"
混ぜる,まぜる,"to mix, to stir",N3,"섞다, 저어주다"
交ぜる,まぜる,"to be mixed, to be blended with",N3,"섞이다, 섞이다"
街,まち,"town; street, road",N3,"도시; 거리, 길"
間違い,まちがい,mistake,N3,실수
松,まつ,pine tree,N3,소나무
真っ赤,まっか,"deep red, flushed (of face)",N3,"진한 빨간색, 홍조가 있는 (얼굴이)"
全く,まったく,"really, completely",N3,"정말, 완전히"
祭,まつり,"festival, feast",N3,"축제, 잔치"
まとまる,まとまる,"to be collected, to be settled, to be in order",N3,"정리하다, 정리하다, 정리하다"
まとめる,まとめる,"to put in order, to collect, to bring to a conclusion",N3,"정리하다, 정리하다, 결론을 내리다"
学ぶ,まなぶ,to learn; to study,N3,배우다; 공부하다
真似,まね,"mimicry, imitation, behavior",N3,"모방, 모방, 행동"
招く,まねく,to invite,N3,초대하다
まぶしい,まぶしい,"dazzling, radiant",N3,"눈부신, 빛나는"
柵,さく,"fence, paling",N3,"울타리, 패일링"
裂ける,さける,"to split, to tear, to burst",N3,"찢다, 찢다, 터뜨리다"
裁く,さばく,to judge,N3,판단하다
酸化,さんか,oxidation,N3,산화
死,し,"death, decease",N3,"죽음, 사망"
資格,しかく,"qualifications, requirements, capabilities",N3,"자격, 요구 사항, 능력"
視覚,しかく,"sense of sight, vision",N3,"시력, 시력"
指揮,しき,"command, direction",N3,"명령, 방향"
磁気,じき,magnetism,N3,자기
磁器,じき,"porcelain, china",N3,"도자기, 중국"
自己,じこ,"self, oneself",N3,자기 자신
字体,じたい,"font, lettering",N3,"글꼴, 문자"
辞退,じたい,refusal,N3,거절
視点,してん,"opinion, point of view, visual point",N3,"의견, 관점, 시각"
脂肪,しぼう,"fat, grease",N3,"지방, 그리스"
志望,しぼう,"wish, desire, ambition",N3,"소원, 욕망, 야망"
衆,しゅう,"masses, people",N3,"대중, 사람들"
住,じゅう,"dwelling, living",N3,"주거, 생활"
修飾,しゅうしょく,ornamentation; modification (gram),N3,장식; 수정 (그램)
私用,しよう,"personal use, private business",N3,"개인적인 사용, 개인 사업"
仕様,しよう,"way, method, specification",N3,"방법, 방법, 사양"
情,じょう,"feelings, emotion, passion",N3,"감정, 감정, 열정"
生涯,しょうがい,one's lifetime,N3,일생
上司,じょうし,one's superior,N3,우월한 사람
正体,しょうたい,"natural shape, one's true colors, true character",N3,"자연스러운 모양, 그 사람의 진정한 색깔, 진정한 성격"
照明,しょうめい,illumination,N3,조명
女史,じょし,Ms.,N3,부인
助詞,じょし,"(gram) particle(s), postposition",N3,"(그램) 입자, 조사"
ショック,ショック,shock,N3,충격
進行,しんこう,advance,N3,전진
新興,しんこう,"rising, developing, emergent",N3,"떠오르는, 발전하는, 출현하는"
振興,しんこう,"promotion, encouragement",N3,"승진, 격려"
申告,しんこく,"report, statement",N3,"보고, 진술"
真理,しんり,truth,N3,진실
水洗,すいせん,flushing,N3,홍조
ストレス,ストレス,stress,N3,스트레스
擦る,する,"to rub, to chafe",N3,"비비다, 비비다"
正規,せいき,"regular, legitimate",N3,"정기적인, 합법적인"
精巧,せいこう,"elaborate, delicate, exquisite",N3,"정교한, 섬세한, 절묘한"
精算,せいさん,"exact calculation, adjustment",N3,"정확한 계산, 조정"
成年,せいねん,"majority, adult age",N3,"대다수, 성인 연령"
声明,せいめい,"declaration, statement, proclamation",N3,"선언, 진술, 선언"
姓名,せいめい,full name,N3,이름
生理,せいり,"physiology, menses",N3,"생리, 월경"
節,せつ,"when, if; section; clause",N3,"언제, 만약에; 부분; 절"
膳,ぜん,"(small) table, tray, meal",N3,"(소) 테이블, 쟁반, 식사"
禅,ぜん,Zen (Buddhism),N3,선도)
選挙,せんきょ,election,N3,선거
先行,せんこう,"preceding, going first",N3,"앞서가다, 먼저 가다"
選考,せんこう,"selection, screening",N3,"선발, 심사"
相,そう,"aspect, phase, countenance",N3,"양상, 위상, 표정"
沿う,そう,"to run along, to follow",N3,"따라가다, 따라가다"
添う,そう,"to accompany, to comply with",N3,"동행하다, 따르다"
僧,そう,"monk, priest",N3,"수도사, 성직자"
像,ぞう,"statue, image",N3,"동상, 이미지"
捜査,そうさ,"search (esp. in criminal investigations, investigation)",N3,"수색(특히 범죄 수사, 조사)"
操縦,そうじゅう,"management, control, manipulation",N3,"관리, 통제, 조작"
創造,そうぞう,creation,N3,창조
隊,たい,"party, troops",N3,"파티, 군대"
退学,たいがく,dropping out of school,N3,학교를 자퇴하다
タイトル,タイトル,title,N3,제목
ダウン,ダウン,down,N3,아래에
高まる,たかまる,to rise; to grow; to mount (v.i.),N3,일어나다; 성장하다; 마운트하다 (v.i.)
断つ,たつ,"to sever, to cut off",N3,"끊다, 끊다"
盾,たて,shield,N3,방패
例え,たとえ,example; even though,N3,예; ~ 일지라도
チャイム,チャイム,chime,N3,차임
挑戦,ちょうせん,"challenge, defiance",N3,"도전, 저항"
治療,ちりょう,medical treatment,N3,의료
対,つい,"pair, couple, set",N3,"한 쌍, 커플, 세트"
接ぐ,つぐ,to join; to piece together; to set (bones); to graft (trees),N3,가입하다; 함께 조각하다; (뼈)를 설정하다; (나무를) 접붙이다
継ぐ,つぐ,to succeed (someone in a business or inheritance,N3,성공하다 (사업이나 상속을 받는 사람
摘む,つむ,"to pluck, to pick, to trim",N3,"뽑다, 따다, 손질하다"
露,つゆ,dew,N3,이슬
強まる,つよまる,"to get strong, to gain strength",N3,"강해지다, 힘을 얻다"
強める,つよめる,"to strengthen, to emphasize",N3,"강화하다, 강조하다"
データ,データ,data,N3,데이터
デザイン,デザイン,design,N3,설계
デザート,デザート,dessert,N3,디저트
転校,てんこう,change schools,N3,학교를 바꾸다
伝言,でんごん,verbal message,N3,구두 메시지
と,と,and,N3,그리고
問う,とう,"to ask, to question",N3,"질문하다, 질문하다"
棟,とう,ridge (of roof,N3,능선(지붕의
倒産,とうさん,"(corporate) bankruptcy, insolvency",N3,"(기업)파산, 지급불능"
同士,どうし,"one another, companion, comrade",N3,"서로, 동료, 동지"
同志,どうし,"same mind, comrade, kindred soul",N3,"같은 마음, 동지, 같은 영혼"
当然,とうぜん,obvious; natural,N3,분명한; 자연스러운
動揺,どうよう,"disturbance, flutter shock",N3,"혼란, 플러터 쇼크"
説く,とく,"to explain, to advocate",N3,"설명하다, 옹호하다"
綴じる,とじる,"to bind, to file",N3,"묶다, 파일로 묶다"
供,とも,"accompanying, attendant, companion, retinue",N3,"동행하는, 수행자, 동반자, 수행원"
並,なみ,"medium (e.g., food serving size, quality, price, etc.), ordinary",N3,"중간(예: 음식 제공량, 품질, 가격 등), 보통"
慣らす,ならす,to accustom,N3,익숙해지다
馴らす,ならす,"to domesticate, to tame",N3,"길들이다, 길들이다"
難,なん,"difficulty, hardships, defect",N3,"어려움, 어려움, 결점"
音,ね,"sound, note",N3,"소리, 메모"
年鑑,ねんかん,yearbook,N3,연감
脳,のう,"brain, memory",N3,"뇌, 기억"
臨む,のぞむ,"to look out on, to face, to attend (function)",N3,"(기능을) 지켜보다, 직면하다, 참석하다"
肺,はい,lung,N3,폐
～敗,はい,"counter for loss, defeat",N3,"손실, 패배에 대한 반격"
映える,はえる,"to shine, to look attractive, to look pretty",N3,"빛나다, 매력적으로 보이다, 예쁘게 보이다"
諮る,はかる,"to consult with, to confer",N3,"의논하다, 협의하다"
図る,はかる,"to plot, to attempt, to devise, to design, to refer A to B",N3,"음모를 꾸미다, 시도하다, 궁리하다, 설계하다, A를 B로 언급하다"
生やす,はやす,"to grow, to cultivate, to wear beard",N3,"자라다, 재배하다, 수염을 기르다"
班,はん,"group, party, section (mil)",N3,"그룹, 파티, 섹션(백만)"
判,はん,size (of paper or books),N3,(종이나 책의) 크기
版,はん,edition,N3,판
碑,ひ,stone monument bearing an inscription,N3,비문이 새겨진 비석
非行,ひこう,"delinquency, misconduct",N3,"비행, 위법 행위"
票,ひょう,"label, ballot, sign",N3,"상표, 투표용지, 서명"
広まる,ひろまる,"to spread, to be propagated",N3,"퍼지다, 전파되다"
深める,ふかめる,"to deepen, to heighten, to intensify",N3,"심화하다, 강화하다, 강화하다"
福,ふく,good fortune,N3,행운
振り,ふり,"style, manner",N3,"스타일, 매너"
経る,へる,"to pass, to elapse, to experience",N3,"통과하다, 경과하다, 경험하다"
保護,ほご,"care, protection, shelter",N3,"배려, 보호, 피난처"
保障,ほしょう,"guarantee, security, warranty",N3,"보증, 보안, 보증"
補償,ほしょう,"compensation, reparation",N3,"보상, 배상"
ほっと,ほっと,feel relieved,N3,안도감을 느끼다
前もって,まえもって,"in advance, beforehand, previously",N3,"미리, 미리, 이전에"
膜,まく,"membrane, film",N3,"막, 필름"
マスコミ,マスコミ,mass communication,N3,매스커뮤니케이션
股,また,"thigh, crotch",N3,"허벅지, 가랑이"
末,まつ,the end of,N3,끝
マッサージ,マッサージ,massage,N3,마사지
見掛ける,みかける,"to (happen to see), to notice, to catch sight of",N3,"(우연히 보게 되다), 주목하다, 눈에 띄다"
捲る,めくる,"to turn over, to turn pages of a book",N3,"넘기다, 책의 페이지를 넘기다"
メッセージ,メッセージ,message,N3,메시지
野党,やとう,opposition party,N3,야당
優,ゆう,"superiority, high grade",N3,"우월, 고급"
有機,ゆうき,organic,N3,본질적인
世,よ,"world, society, generation",N3,"세계, 사회, 세대"
良い,よい,"good, nice",N3,"좋아, 좋아"
予想,よそう,"expectation, anticipation, prediction",N3,"기대하다, 기대하다, 예상하다"
弱まる,よわまる,"to weaken, to be emaciated, to be dejected",N3,"약해지다, 쇠약해지다, 낙담하다"
弱める,よわめる,to weaken,N3,약화시키다
ラベル,ラベル,label,N3,상표
ルール,ルール,rule,N3,규칙
枠,わく,"frame, slide",N3,"프레임, 슬라이드"
踏む,ふむ,"to step on, to tread on",N4,"밟다, 밟다"
～区,～く,"~ district, ~ ward, ~ borough",N4,"~ 지구, ~ 구, ~ 자치구"
すっと,すっと,"straight, quickly",N4,"똑바로, 빠르게"
盗む,ぬすむ,to steal; to rob,N4,훔치다; 도둑질하다
大抵,たいてい,"generally, usually",N4,"일반적으로, 보통"
とうとう,とうとう,"finally, at last",N4,"드디어, 드디어"
ガソリン,ガソリン,"gasoline, petrol",N4,"휘발유, 휘발유"
鳴る,なる,"to sound, to ring (v.i.)",N4,"소리를 내다, 울리다 (v.i.)"
しっかり,しっかり,"firmly, steady",N4,"확고히, 꾸준하게"
生きる,いきる,to live,N4,살기 위해
苦い,にがい,bitter,N4,격렬한
沸く,わく,"to boil, to grow hot",N4,"끓이다, 뜨거워지다"
意見,いけん,"opinion, view, idea",N4,"의견, 견해, 생각"
やはり; やっぱり,やはり; やっぱり,"as I thought, absolutely",N4,내 생각대로 절대
漫画,まんが,"comic (book), cartoon",N4,만화(책)
ステレオ,ステレオ,stereo,N4,스테레오 재생
医学,いがく,medical science,N4,의학
テキスト,テキスト,text; text book,N4,텍스트; 교과서
～月,～つき,month,N4,월
折る,おる,"to snap, to break; to bend",N4,"부러지다, 부러지다; 구부리다"
～会,～かい,~ meeting,N4,~ 회의
うかがう,うかがう,to ask,N4,묻다
聞こえる,きこえる,"to be heard, to be audible",N4,"들리다, 들리다"
僕,ぼく,I (used by men towards those of equal or lower status),N4,I (남성이 동등하거나 낮은 지위에 있는 사람에게 사용함)
必ず,かならず,"surely, certainly",N4,"확실히, 확실히"
壊す,こわす,"to break, to break down",N4,"무너지다, 무너지다"
怒る,おこる,to get angry; to scold angrily,N4,화를 내다; 화를 내며 꾸짖다
床屋,とこや,barber's (shop),N4,이발소(가게)
オートバイ,オートバイ,motorcycle (lit: auto-bi(ke)),N4,오토바이 (lit: auto-bi(ke))
運動,うんどうする,exercise,N4,운동
止む,やむ,"to cease, to stop",N4,"멈추다, 멈추다"
もし,もし,if,N4,만약에
表,おもて,surface; front; outside,N4,표면; 앞쪽; 밖의
大学生,だいがくせい,"college student, university student",N4,"대학생, 대학생"
運転手,うんてんしゅ,driver (by occupation),N4,운전자 (직업별)
予習,よしゅう,preparation of lessons (for class),N4,수업 준비 (수업을 위해)
心配,しんぱいする,"worry, concern",N4,"걱정, 걱정"
別,べつ,"distinction, different",N4,"구별하다, 다르다"
非常に,ひじょうに,extremely; very,N4,극도로; 매우
お宅,おたく,(someone else's) house; home -- polite word for 家 (いえ) --,N4,(다른 사람의) 집; home -- 가(いえ)에 대한 공손한 단어 --
柔らかい,やわらかい,"soft (in reference to texture), tender",N4,"부드러운 (질감과 관련하여), 부드러운"
拾う,ひろう,"to pick up (something), to find",N4,"(무엇을) 집어들다, 찾다"
～ございます,～ございます,"to be (polite), to exist",N4,(정중하게) 존재하다
気,き,"spirit, mood",N4,"정신, 기분"
比べる,くらべる,to compare,N4,비교하다
ほとんど,ほとんど,"mostly, almost",N4,"대부분, 거의"
つもり,つもり,"intention, plan",N4,"의도, 계획"
郊外,こうがい,"suburb, outskirts",N4,"교외, 교외"
だめ,だめ,"useless, no good, hopeless",N4,"쓸모없는, 좋지 않은, 희망이 없는"
売り場,うりば,place where things are sold,N4,물건 파는 곳
正月,しょうがつ,"New Year, New Year's Day",N4,"새해, 설날"
規則,きそく,"rule, regulation",N4,"규칙, 규제"
うん,うん,"yes (informal), all right (ok)",N4,"네 (비공식), 알았어 (ok)"
発音,はつおん,pronunciation,N4,발음
焼く,やく,"to bake, to grill",N4,"굽다, 굽다"
屋上,おくじょう,rooftop,N4,옥상
失礼,しつれい,"discourtesy, impoliteness; Excuse me",N4,"무례함, 무례함; 실례합니다"
ごみ,ごみ,"trash, garbage",N4,"쓰레기, 쓰레기"
アフリカ,アフリカ,Africa,N4,아프리카
点,てん,"mark, score, grade; point, dot",N4,"점수, 점수, 등급; 점, 점"
一生懸命,いっしょうけんめい,"very hard (as in ""to work hard""), with utmost effort",N4,"(""열심히 일하다""에서와 같이) 매우 열심히, 최선을 다해"
今度,こんど,"now, this time, near future, one of these days, next time",N4,"지금, 이번에, 가까운 미래, 요즘 중 하나, 다음 번에"
機会,きかい,"chance, opportunity",N4,"기회, 기회"
建てる,たてる,to build,N4,구축하다
複雑,ふくざつ,"complexity, complication",N4,"복잡함, 복잡함"
彼,かれ,"he, boyfriend",N4,"그, 남자친구"
いらっしゃる,いらっしゃる,"-- honorific expression for いく, くる, and いる --",N4,"-- いKU, KURU, いRU에 대한 경어 표현 --"
布団,ふとん,futon,N4,이불
大事,だいじ,"important, valuable, serious matter",N4,"중요한, 귀중한, 심각한 문제"
贈り物,おくりもの,a gift; a present,N4,선물; 선물
泥棒,どろぼう,thief; burglar,N4,도둑; 강도
～製,～せい,made in ~,N4,~에서 만든
注意,ちゅうい,"caution, attention",N4,"주의, 주의"
台風,たいふう,typhoon,N4,태풍
日,ひ,"sun, sunshine, day",N4,"태양, 햇빛, 낮"
～軒,～けん,counter for houses,N4,주택용 카운터
そう,そう,"really, (is that) so; yes, right",N4,"정말 그렇습니까? 응, 그렇지"
通る,とおる,"to pass (by), to go through",N4,"(을) 지나가다, 지나가다"
過ぎる,すぎる,"to exceed, to go beyond",N4,"초과하다, 넘어서다"
レポート; リポート,レポート; リポート,report,N4,보고서
葉,は,leaf,N4,잎
必要,ひつよう,necessary,N4,필요한
課長,かちょう,section manager,N4,과장
地震,じしん,earthquake,N4,지진
すると,すると,"and, then",N4,그런 다음
止める,やめる,"to end, to stop",N4,"끝내다, 멈추다"
ガラス,ガラス,"glass, pane",N4,"유리, 판유리"
～学部,～がくぶ,department of a university,N4,대학의 학과
厳しい,きびしい,hard; rigorous; strict,N4,딱딱한; 엄밀한; 엄격한
エスカレーター,エスカレーター,escalator,N4,에스컬레이터
人口,じんこう,population,N4,인구
月,つき,moon,N4,달
絹,きぬ,silk,N4,명주
ちっとも,ちっとも,not at all (neg. verb),N4,전혀 (부정 동사)
深い,ふかい,"deep, profound",N4,"깊은, 심오한"
壊れる,こわれる,"to be broken, to break",N4,"부서지다, 부서지다"
揺れる,ゆれる,"to shake, to sway",N4,"흔들리다, 흔들리다"
落る,おちる,"to fall, to drop",N4,"떨어지다, 떨어지다"
できるだけ,できるだけ,"if at all possible, as much as possible",N4,"가능하다면, 최대한"
悲しい,かなしい,"sad, sorrowful",N4,"슬프다, 슬프다"
中学校,ちゅうがっこう,junior high school pupil,N4,중학생
ガス,ガス,gas,N4,가스
祈る,いのる,to pray; to wish,N4,기도하다; 소원하다
盛ん,さかん,"prosperous, active, thriving",N4,"번영하는, 활동적인, 번영하는"
アルバイト,アルバイト,part-time job,N4,아르바이트
起こす,おこす,to wake (someone) up,N4,(누군가를) 깨우다
致す,いたす,-- extra-modest expression for する --,N4,-- '수루'에 대한 매우 겸손한 표현 --
噛む,かむ,"to bite, to chew",N4,"물다, 씹다"
赤ちゃん,あかちゃん,"baby, infant",N4,"아기, 유아"
浅い,あさい,"shallow, superficial",N4,"얕은, 피상적인"
嘘,うそ,lie,N4,거짓말하다
小説,しょうせつ,novel,N4,소설
親,おや,a parent,N4,부모
それに,それに,moreover; besides,N4,게다가; 게다가
西洋,せいよう,"the West, Western countries",N4,"서쪽, 서방 국가"
思う,おもう,"to think, to feel",N4,"생각하다, 느끼다"
パート (タイム),パート (タイム),part time (esp. female part time employees),N4,파트타임(특히 여성 파트타임 직원)
時代,じだい,"age, period, epoch, era",N4,"나이, 기간, 시대, 시대"
申し上げる,もうしあげる,"(humble)to say, to tell",N4,"(겸손하게) 말하다, 말하다"
～式,～しき,~ ceremony; ~ style,N4,~ 의식; ~ 스타일
出席,しゅっせきする,attendance,N4,출석
～家,～か,person who is specialized in ~,N4,~을 전문으로 하는 사람
迎える,むかえる,to welcome; to meet; to greet,N4,환영하다; 만나다; 인사하다
触る,さわる,"to touch, to feel",N4,"만지다, 느끼다"
建て,～だて,"~ storied, separate housing",N4,"~ 층별, 별도의 주택"
社長,しゃちょう,president of a company,N4,회사의 사장
動物園,どうぶつえん,zoo,N4,동물원
捕まえる,つかまえる,"to catch, to arrest",N4,"붙잡다, 체포하다"
季節,きせつ,season (in reference to weather),N4,계절 (날씨를 기준으로)
寄る,よる,to stop by,N4,들르다
決まる,きまる,to be set; fixed (v.i.),N4,설정; 고정 (v.i.)
開く,ひらく,to open; to hold (an event),N4,열다; (행사를) 개최하다
逃げる,にげる,"to escape, to run away",N4,"탈출하다, 도망가다"
だから,だから,so; therefore,N4,그래서; 그러므로
残念,ざんねん,regret; regrettable,N4,후회; 유감스럽다
畳,たたみ,tatami mat (Japanese straw mat),N4,다다미(일본식 밀짚자리)
丁寧,ていねい,"polite, courteous, careful",N4,"공손한, 정중한, 조심스러운"
地理,ちり,geography,N4,지리학
さっき,さっき,a little while ago,N4,조금 전에
怖い,こわい,"scary, frightening",N4,"무서운, 무서운"
包む,つつむ,"to wrap, to cover",N4,"감싸다, 덮다"
なるべく,なるべく,"if possible, as much as possible",N4,가능하다면 최대한
無理,むり,"unreasonable, impossible",N4,"불합리한, 불가능한"
サンドイッチ,サンドイッチ,sandwich,N4,샌드위치
会議室,かいぎしつ,conference room,N4,회의실
品物,しなもの,goods,N4,상품
人形,にんぎょう,"doll, figure",N4,"인형, 피규어"
利用,りよう,"use, utilization",N4,"사용, 활용"
飾る,かざる,"to decorate, to adorn",N4,"장식하다, 꾸미다"
止める,とめる,to stop (something),N4,(무엇을) 멈추다
恥ずかしい,はずかしい,"ashamed, embarrassed",N4,"부끄럽다, 창피하다"
いくら～ても,いくら～ても,however much one may ~,N4,아무리 많아도 ~
用事,ようじ,business to take care of; tasks; errands,N4,처리할 사업; 작업; 심부름
ビル,ビル,(abbr.) building,N4,(약어) 건물
けんかする,けんかする,quarrel,N4,싸움
頑張る,がんばる,"to try one's best, to try hard, to persist",N4,"최선을 다하다, 열심히 노력하다, 지속하다"
投げる,なげる,"to pitch, to cast away",N4,"던지다, 내쫓다"
故障,こしょうする,breakdown,N4,고장
力,ちから,"strength, power",N4,"힘, 권력"
受ける,うける,"to take (an examination, interview, etc.); to receive",N4,"(시험, 면접 등을) 치르다; 받다"
気分,きぶん,"feeling, mood",N4,"기분, 기분"
間違える,まちがえる,to make a mistake,N4,실수하다
そんな,そんな,"such, like that, that sort of",N4,"그런, 그런, 저런"
星,ほし,star,N4,별
場合,ばあい,"case, situation",N4,"사건, 상황"
やっと,やっと,"at last, finally",N4,"드디어, 드디어"
足りる,たりる,to be sufficient; to be enough,N4,충분하다; 충분하다
行う,おこなう,to carry out; to conduct (typically used in written language),N4,수행하다; 지휘하다 (일반적으로 서면 언어로 사용됨)
ぶどう,ぶどう,grapes,N4,포도
無くなる,なくなる,"to disappear, to get lost",N4,"사라지다, 길을 잃다"
準備,じゅんびする,prepare,N4,준비하다
世界,せかい,world,N4,세계
住所,じゅうしょ,address; place of residence,N4,주소; 거주지
再来月,さらいげつ,the month after next,N4,다음 달 다음 달
林,はやし,"woods, forest",N4,"숲, 숲"
倍,ばい,double,N4,더블
痩せる,やせる,to lose weight,N4,체중 감량
線,せん,"line, wire",N4,"선, 와이어"
戦争,せんそう,war,N4,전쟁
決める,きめる,to decide (v.t.),N4,결정하다 (동사)
調べる,しらべる,to check; to look up; to inquire; to search,N4,확인하다; 찾아보다; 문의하다; 검색하다
寝坊,ねぼう,sleeping in late,N4,늦잠을 자다
パパ,パパ,"papa, daddy",N4,"아빠, 아빠"
光る,ひかる,"to shine, to glitter",N4,"빛나다, 반짝거리다"
夫,おっと,husband,N4,남편
雲,くも,cloud,N4,구름
坂,さか,"slope, hill",N4,"경사면, 언덕"
～(て) しまう,～(て) しまう,to end up ~,N4,~을 끝내다
飛行場,ひこうじょう,airport,N4,공항
柔道,じゅうどう,judo,N4,유도
決して,けっして,never,N4,절대
事務所,じむしょ,office,N4,사무실
連絡,れんらく,"communication, contact, connection",N4,"소통, 접촉, 연결"
小学校,しょうがっこう,elementary school,N4,초등학교
客,きゃく,"guest, customer",N4,"손님, 고객"
昔,むかし,old days; past,N4,옛날; 과거
美しい,うつくしい,"beautiful, lovely",N4,"아름답다, 사랑스럽다"
捨てる,すてる,"throw away (trash), dump, discard",N4,"(쓰레기를) 버리다, 버리다, 버리다"
なさる,なさる,-- honorific expression for する --,N4,-- sururu에 대한 경어 표현 --
事,こと,"thing(s), matter(s), fact",N4,"사물, 문제, 사실"
どんどん,どんどん,quickly and steadily; at a rapid pace,N4,빠르고 꾸준히; 빠른 속도로
試合,しあい,"match, game, competition",N4,"시합, 게임, 경쟁"
適当,てきとう,"fitness, suitability",N4,"체력, 적합성"
素晴らしい,すばらしい,wonderful; terrific,N4,아주 멋진; 훌륭한
美術館,びじゅつかん,"art gallery, art museum",N4,"미술관, 미술관"
文法,ぶんぽう,grammar,N4,문법
終わり,おわり,end,N4,끝
壁,かべ,wall,N4,벽
一度,いちど,"once, one time",N4,"한 번, 한 번"
お礼,おれい,expression of gratitude; thanking; gift of appreciation; bow,N4,감사의 표현; 감사합니다; 감사의 선물; 절하다
親切,しんせつ,kindness,N4,친절
知らせる,しらせる,to notify,N4,통지하다
歯医者,はいしゃ,dentist,N4,치과 의사
熱心,ねっしん,enthusiasm,N4,열광
始める,はじめる,"to start, to begin",N4,"시작하다, 시작하다"
もらう,もらう,to receive,N4,받다
泣く,なく,to cry,N4,울다
治る,なおる,to get better; to recover from illness (v.i.),N4,나아지기 위해; 질병에서 회복하다 (v.i.)
熱,ねつ,"fever, temperature",N4,"발열, 체온"
お祭り,おまつり,festival,N4,제전
水道,すいどう,"water service, water line",N4,"수도 서비스, 급수관"
匂い,におい,"odor, smell",N4,"냄새, 냄새"
ベル,ベル,bell,N4,벨
赤ん坊,あかんぼう,baby,N4,아기
おかしい,おかしい,strange; odd; funny,N4,이상한; 이상한; 재미있는
事故,じこ,accident,N4,사고
変,へん,"strange, odd",N4,"이상한, 이상한"
辞典,じてん,"encyclopedia, reference book",N4,"백과사전, 참고서"
残る,のこる,"to remain (v.i.), to be left",N4,"남아있다 (v.i.), 남겨지다"
立てる,たてる,"to stand (something) up, to erect (something)",N4,"(무엇을) 세우다, (무엇을) 세우다"
くれる,くれる,"to give, to do for",N4,"주다, ~을 위해 하다"
～員,～いん,member of ~,N4,~의 회원
原因,げんいん,"cause, origin, source",N4,"원인, 유래, 출처"
驚く,おどろく,"to be surprised, to be astonished",N4,"놀라다, 놀라다"
いただく,頂く,-- extra-modest expression for たべる and のむ; humble expression for もらう --,N4,-- たべ루 및 のむ에 대한 매우 겸손한 표현;も ру 에 대한 겸손한 표현 --
祖母,そぼ,grandmother,N4,할머니
場所,ばしょ,"place, location",N4,"장소, 위치"
答,こたえ,"answer, response",N4,"대답, 응답"
もちろん,もちろん,"certainly, of course",N4,"확실히, 물론이지"
漬ける,つける,"to soak, to moisten, to pickle",N4,"담그다, 적시다, 담그다"
受付,うけつけ,reception(ist) desk,N4,리셉션(ist) 데스크
内,うち,"within, inside",N4,"안에, 안에"
スクリーン,スクリーン,screen,N4,화면
増える,ふえる,"to increase, to multiply",N4,"증가하다, 증가하다"
または,または,"or, otherwise",N4,또는 그렇지 않으면
けがする,けがする,"injury (to animate object), hurt",N4,"(물체를 움직이게 하기 위해) 상처를 입히다, 다치게 하다"
以下,いか,"less than, below",N4,"이하, 이하"
選ぶ,えらぶ,to choose; to select,N4,선택하다; 선택하다
～ばかり,～ばかり,"just did ~, only",N4,"방금 ~했어요, 단지"
心,こころ,"heart, mind",N4,"마음, 마음"
～だす,～だす,to start doing ~,N4,~을 시작하다
サラダ,サラダ,salad,N4,샐러드
届ける,とどける,to deliver (v.t.),N4,배달하다 (v.t.)
挨拶,あいさつする,greet(ing),N4,인사하다
景色,けしき,"scenery, landscape",N4,"풍경, 풍경"
確か,たしか,"if I remember correctly; certain, definite",N4,"내 기억이 맞다면; 확실한, 확실한"
ステーキ,ステーキ,steak,N4,스테이크
食料品,しょくりょうひん,"foodstuff, groceries",N4,"식료품, 식료품"
森,もり,forest,N4,숲
以内,いない,"within, less (no more) than",N4,"이내, 이하(더 이상)"
予定,よてい,"plans, arrangement, schedule",N4,"계획, 배열, 일정"
オーバー,オーバー,"overcoat; over, exceeding, exaggeration",N4,"외투; 초과하다, 초과하다, 과장하다"
乾く,かわく,to get dry,N4,건조해지다
石,いし,stone,N4,결석
思い出す,おもいだす,"to recall, to remember",N4,"기억하다, 기억하다"
踊る,おどる,to dance,N4,춤을 추다
細かい,こまかい,"small; fine, minute",N4,"작은; 알았어, 잠깐만"
塗る,ぬる,"to paint, to plaster",N4,"칠하다, 회반죽하다"
ご主人,ごしゅじん,"(your, her) husband",N4,"(당신, 그녀의) 남편"
珍しい,めずらしい,"unusual, rare",N4,"특이한, 희귀한"
用,よう,"errand, task, business (to take care of)",N4,"심부름, 일, 사업(처리하다)"
公務員,こうむいん,"government worker, public servant",N4,"공무원, 공무원"
お嬢さん,おじょうさん,(someone's) daughter (polite),N4,(누군가의) 딸 (공손한)
用意,ようい,preparation,N4,준비
探す,さがす,"to search, to seek, to look for",N4,"검색하다, 찾다, 찾다"
形,かたち,shape,N4,모양
運転,うんてんする,driving,N4,운전
すっかり,すっかり,"all, completely",N4,"모두, 완전히"
アナウンサー,アナウンサー,announcer,N4,아나운서
お土産,おみやげ,souvenir,N4,기념품
消しゴム,けしゴム,eraser,N4,지우개
旅館,りょかん,a Japanese inn,N4,일본식 여관
海岸,かいがん,"coast, seashore",N4,"해안, 해변"
寂しい,さびしい,"lonely, lonesome",N4,"외로운, 외로운"
火,ひ,fire,N4,불
育てる,そだてる,to raise (v.t.); to bring up,N4,올리다 (v.t.); 키우다
味噌,みそ,"miso, bean paste",N4,"된장, 된장"
お祝い,おいわい,"congratulation, celebration",N4,"축하, 축하"
乗り物,のりもの,vehicle,N4,차량
案内,あんないする,"information, guidance",N4,"정보, 안내"
通う,かよう,to go back and forth; to commute,N4,앞뒤로 이동하기 위해; 통근하다
連れる,つれる,"to lead, to take (a person)",N4,"(사람을) 이끌다, 데려가다"
技術,ぎじゅつ,"technique, technology, skill",N4,"기술, 기술, 기술"
小鳥,ことり,small bird,N4,작은 새
下宿,げしゅく,"lodging, boarding house",N4,"숙소, 하숙집"
ジャム,ジャム,jam,N4,잼
招待,しょうたいする,invitation,N4,초대
鏡,かがみ,mirror,N4,거울
はず,はず,it should be so,N4,그래야지
法律,ほうりつ,law,N4,법
進む,すすむ,"to advance, to proceed",N4,"전진하다, 진행하다"
楽む,たのしむ,to enjoy,N4,즐기다
貿易,ぼうえき,trade,N4,거래
反対,はんたい,"oppose, opposition, resistance",N4,"반대하다, 반대하다, 저항하다"
おる,おる,-- extra-modest expression for いる --,N4,-- '있다'에 대한 매우 겸손한 표현 --
申す,もうす,-- extra-modest (humble) expression for 言う (いう) --,N4,-- 매우 겸손한(겸손한) 표현: 言(い우) --
試験,しけん,an exam,N4,시험
真面目,まじめ,"diligent, serious",N4,"부지런한, 진지한"
ごらんになる,,-- honorific expression for みる --,N4,-- まり에 대한 존댓말 --
店員,てんいん,clerk; shop-employee,N4,사무원; 상점 직원
泊まる,とまる,to stay (over night) (v.i.),N4,(over night) 머물다 (v.i.)
よろしい,よろしい,"(hon.) good, OK, all right",N4,(아님.) 알았어 알았어 알았어
今夜,こんや,"this evening, tonight",N4,"오늘 저녁, 오늘 밤"
おつり,おつり,change; balance of money returned to the purchaser,N4,변화; 구매자에게 반환된 잔액
チェックする,チェックする,check,N4,확인하다
会話,かいわ,conversation,N4,대화
空気,くうき,"air, atmosphere",N4,"공기, 분위기"
交通,こうつう,"traffic, transportation",N4,"교통, 교통"
ワープロ,ワープロ,word processor,N4,워드 프로세서
喜ぶ,よろこぶ,"to rejoice, to be delighted, to be glad",N4,"기뻐하다, 기뻐하다, 기뻐하다"
急行,きゅうこう,express train or bus,N4,급행열차나 버스
皆,みな,everyone,N4,모든 사람
味,あじ,"flavor, taste",N4,"맛, 맛"
空港,くうこう,airport,N4,공항
手袋,てぶくろ,glove(s),N4,장갑)
校長,こうちょう,"principal, headmaster",N4,"교장, 교장"
ごちそう,ごちそう,"feast, treating (someone)",N4,"잔치, 치료 (누군가)"
踊り,おどり,dance,N4,춤
興味,きょうみ,interest (in something),N4,(뭔가에) 관심
引っ越す,ひっこす,to move to a new place of residence,N4,새로운 거주지로 이사하기 위해
冷房,れいぼう,"cooling, air conditioning",N4,"냉방, 에어컨"
都合,つごう,"circumstances, convenience",N4,"상황, 편의"
遠慮,えんりょする,"restraint, reserve, hesitate",N4,"자제하다, 보류하다, 망설이다"
亡くなる,なくなる,to pass away,N4,세상을 떠나다
科学,かがく,science,N4,과학
はっきり,はっきり,"clearly, distinctly",N4,"분명히, 뚜렷하게"
差し上げる,さしあげる,-- humble expression for あげる --,N4,--あげRU의 겸허한 표현 --
気持ち,きもち,"feeling, sensation, mood",N4,"느낌, 감각, 기분"
祖父,そふ,grandfather,N4,할아버지
港,みなと,"harbor, port",N4,"항구, 항구"
予約,よやく,reservation,N4,예약
凄い,すごい,"terrific, great",N4,"훌륭하다, 훌륭하다"
入学,にゅうがくする,entry to school or university,N4,학교나 대학교 입학
片付ける,かたづける,"to (clean) tidy up (v.t.), to put away",N4,(청소하다) 정돈하다 (동사) 치워두다
写す,うつす,to copy (v.t.); to photograph,N4,복사하다 (v.t.); 사진을 찍다
パソコン,パソコン,(personal) computer,N4,(개인용) 컴퓨터
部長,ぶちょう,department (division) manager,N4,부서(부서) 과장
火事,かじ,fire,N4,불
足す,たす,to add (numbers),N4,(숫자를) 더하다
教会,きょうかい,church,N4,교회
彼ら,かれら,they (usually male),N4,그들(보통 남자)
一杯,いっぱい,"full, to the utmost",N4,"가득 차다, 최대한으로"
アメリカ,アメリカ,"America, U.S.A.",N4,"미국, 미국"
男性,だんせい,man; male,N4,남성; 남성
理由,りゆう,reason,N4,이유
生産,せいさんする,production; to produce,N4,생산; 생산하다
着物,きもの,kimono; Japanese traditional dress,N4,키모노; 일본 전통 의상
おもちゃ,おもちゃ,a toy,N4,장난감
暮れる,くれる,"to get dark, to come to an end",N4,"어두워지다, 끝나다"
釣る,つる,to fish,N4,낚시하다
～ちゃん,～ちゃん,suffix for familiar (female) person,N4,친숙한(여성) 사람을 가리키는 접미사
打つ,うつ,"to hit, to strike",N4,"때리다, 때리다"
あんな,あんな,"such, like that",N4,"그런, 그런"
謝る,あやまる,to apologize,N4,사과하다
昼間,ひるま,"daytime, during the day",N4,"낮, 낮에"
教育,きょういく,education,N4,교육
女性,じょせい,woman,N4,여성
米,こめ,uncooked rice,N4,생 쌀
邪魔,じゃま,"hindrance, intrusion",N4,"방해, 침입"
国際,こくさい,international,N4,국제적인
隅,すみ,corner,N4,모서리
伺う,うかがう,"humble form of 行く (いく), 聞く (きく) and ?る (くる)",N4,"行KU(いKU), 聞KU(KIKU) 및 ?uru(KURU)의 겸손한 형태"
再来週,さらいしゅう,the week after next,N4,다음 주
夢,ゆめ,a dream,N4,꿈
喉,のど,throat,N4,목
最近,さいきん,"recently, nowadays, in recent years, most recent, latest",N4,"최근, 최근, 최근, 가장 최근, 최신"
周り,まわり,surroundings,N4,주위
歴史,れきし,history,N4,역사
不便,ふべん,inconvenience,N4,불편
血,ち,blood,N4,피
～続ける,～つづける,to continue doing ~,N4,~을 계속하다
毛,け,"hair, fur",N4,"머리카락, 모피"
ひどい,ひどい,"terrible, awful, unfair, cruel",N4,"끔찍한, 끔찍한, 불공평한, 잔인한"
例えば,たとえば,"for example, e.g.",N4,예를 들어
中々,なかなか,"very, considerably, quite",N4,"매우, 상당히, 꽤"
随分,ずいぶん,extremely,N4,극도로
～やすい,～やすい,easy to do ~,N4,하기 쉽다 ~
押し入れ,おしいれ,closet,N4,벽장
電灯,でんとう,electric light,N4,전등
叱る,しかる,to scold,N4,꾸짖다
サンダル,サンダル,sandal,N4,샌들
びっくりする,びっくりする,to be surprised,N4,놀라다
うまい,うまい,delicious; skillful; fortunate,N4,맛있는; 잘 만들어진; 운이 좋은
変える,かえる,"to change, to alter, to vary",N4,"바꾸다, 바꾸다, 변화시키다"
講堂,こうどう,auditorium,N4,강당
子,こ,child,N4,어린이
沸かす,わかす,to boil,N4,끓이다
レジ,レジ,register,N4,등록하다
しばらく,しばらく,little while,N4,잠깐
特に,とくに,particularly,N4,특히
空く,あく,"to open, to become empty (vacant)",N4,"열다, 비우다 (비어지다)"
計画,けいかくする,"plan, project, schedule",N4,"계획, 프로젝트, 일정"
通り,とおり,"~ Street, ~ Avenue",N4,"~ 거리, ~ 거리"
下着,したぎ,underwear,N4,속옷
経済,けいざい,"economics, finance, economy",N4,"경제, 금융, 경제"
こう,こう,"like this, this way",N4,"이렇게, 이렇게"
是非,ぜひ,"certainly, by all means; without fail",N4,"확실히, 꼭, 꼭; 어김없이"
裏,うら,"reverse side, back",N4,"뒷면, 뒷면"
為,ため,"good, advantage, in order to",N4,"좋아, 이점을 위해서"
おいでになる,おいでになる,(hon.) to be,N4,(여보.) 되려고
変わる,かわる,"to change (v.i.), to be transformed, to vary",N4,"변화시키다 (v.i.), 변형시키다, 변화시키다"
以外,いがい,"other than, with the exception of, excepting",N4,"~을 제외하고, ~을 제외하고"
済む,すむ,"to finish, to end",N4,"끝내다, 끝내다"
ハンバーグ,ハンバーグ,hamburger steak,N4,햄버거 스테이크
市,し,city,N4,도시
引き出し,ひきだし,drawer,N4,서랍
遊び,あそび,play,N4,놀다
支度,したくする,preparation,N4,준비
～始める,～はじめる,to start doing ~,N4,~을 시작하다
見える,みえる,to be visible; -- polite verb meaning ?る (くる) --,N4,눈에 보이도록; -- 정중한 동사 의미 ?uru(kuuru) --
十分,じゅうぶん,enough,N4,충분한
音,おと,"sound, note",N4,"소리, 메모"
きっと,きっと,"surely, definitely, undoubtedly, certainly",N4,"확실히, 확실히, 의심할 여지 없이, 확실히"
まず,まず,"first (of all), to start with",N4,"(무엇보다도) 먼저, 시작하려면"
遠く,とおく,"far away, distant",N4,"멀리, 먼"
大体,だいたい,approximately; in most cases; in general; to begin with (same as もともと),N4,약; 대부분의 경우; 일반적으로; 처음부터 (もともと와 동일)
折れる,おれる,"to break, to be folded, to give in; to turn (a corner)",N4,"부수다, 접히다, 포기하다; (모퉁이를) 돌리다"
正しい,ただしい,correct,N4,옳은
輸入,ゆにゅう,import,N4,수입
返事,へんじ,"reply, answer",N4,"대답하다, 대답하다"
都,と,metropolitan,N4,대주교
産業,さんぎょう,industry,N4,산업
伝える,つたえる,"to convey (a message); to tell, to report",N4,"(메시지)를 전달하다; 말하다, 보고하다"
お金持ち,かねもち; おかねもち,rich person,N4,호부
説明,せつめい,explanation,N4,설명
島,しま,island,N4,섬
道具,どうぐ,tool,N4,도구
滑る,すべる,"to slide, to slip",N4,"미끄러지다, 미끄러지다"
それほど,それほど,to that degree; extent,N4,그 정도; 정도
以上,いじょう,more than; this is all,N4,이상; 이게 다야
～まま,～まま,as it is,N4,그대로
特急,とっきゅう,limited express (train faster than an express),N4,특급 (급행보다 빠른 열차)
プレゼント,プレゼント,"present, gift",N4,"선물, 선물"
～(に) よると,～(に) よると,according to ~,N4,~에 따르면
妻,つま,wife (humble),N4,아내 (겸손)
帰り,かえり,"return, coming back",N4,"돌아오다, 돌아오다"
具合,ぐあい,"condition, state, health",N4,"상태, 상태, 건강"
堅; 硬; 固い,かたい,"solid, hard, firm",N4,"단단한, 단단한, 확고한"
駐車場,ちゅうしゃじょう,parking lot,N4,주차장
スーツ,スーツ,suit,N4,정장
危険,きけん,"danger, risk, hazard",N4,"위험, 위험, 위험"
髪,かみ,hair,N4,머리카락
天気予報,てんきよほう,weather forecast,N4,일기 예보
彼女,かのじょ,girlfriend; she,N4,여자 친구; 그녀
間,あいだ,"space, interval",N4,"공간, 간격"
卒業,そつぎょう,graduation,N4,눈금
それで,それで,"and (conj.), thereupon, because of that",N4,"그리고 (conj.), 그 때문에, 그것 때문에"
枝,えだ,"branch, twig",N4,"가지, 나뭇가지"
専門,せんもん,major; speciality,N4,주요한; 전문
そろそろ,そろそろ,"gradually, soon",N4,"점차적으로, 곧"
送る,おくる,"to send, to dispatch",N4,"보내다, 파견하다"
あげる,あげる,to give,N4,주다
騒ぐ,さわぐ,"to make noise, to clamor",N4,"소리를 지르다, 떠들다"
尋ねる,たずねる,to inquire (same as 質問する),N4,문의하다
放送,ほうそうする,broadcasting,N4,방송
政治,せいじ,politics,N4,정치
市民,しみん,citizen,N4,시민
ファックス,ファックス,fax,N4,팩스
負ける,まける,"to lose (a game) (v.i.), to be defeated",N4,"(게임)에 지다 (v.i.), 패배하다"
指輪,ゆびわ,(finger) ring,N4,(손가락) 반지
田舎,いなか,"rural, countryside",N4,"시골, 시골"
見つける,みつける,"to discover, to find (v.t.)",N4,"발견하다, 찾다 (v.t.)"
高校生,こうこうせい,high school student,N4,고등학생
講義,こうぎ,a lecture,N4,강의
そんなに,そんなに,"so much, like that",N4,"너무 많이, 그렇게"
昼休み,ひるやすみ,"lunch break, noon recess",N4,"점심시간, 정오 쉬는 시간"
忘れ物,わすれもの,"lost article, something forgotten",N4,"잃어버린 물건, 잊혀진 것"
下りる,おりる,"to get down, to go; come down",N4,"내려오다, 가다; 내려와"
腕,うで,arm (in reference to body),N4,팔 (몸을 기준으로)
訳,わけ,reason; explanation,N4,이유; 설명
承知,しょうちする,"consent, acceptance",N4,"동의, 수용"
日記,にっき,"diary, journal",N4,"일기, 일지"
高校; 高等学校,こうこう; こうとうがっこう,high school; senior high school,N4,고등학교; 고등학교
似る,にる,"to resemble, to be similar",N4,"닮다, 유사하다"
～おわる,～おわる,to finish doing ~,N4,~을 끝내다
暖房,だんぼう,heating,N4,난방
留守,るす,absence; not at home,N4,결석; 집에 없어
割合,わりあい,"rate, ratio, percentage",N4,"비율, 비율, 백분율"
寺,てら,Buddhist temple,N4,절
慣れる,なれる,to grow accustomed to,N4,익숙해지다
普通,ふつう,common; usual,N4,흔한; 평소
手伝う,てつだう,to help,N4,돕기 위해
なるほど,なるほど,I see; I now understand,N4,알겠어요; 나는 이제 이해한다
くださる,くださる,"(hon.) to give, to confer",N4,"(hon.) 주다, 수여하다"
息子,むすこ,(humble) son,N4,(겸손한) 아들
お子さん,おこさん,(someone else's) child (polite),N4,(다른 사람의) 아이 (공손한)
会場,かいじょう,"venue, meeting place",N4,"장소, 모임 장소"
笑う,わらう,"to laugh, to smile",N4,"웃다, 웃다"
運ぶ,はこぶ,"to transport, to carry",N4,"운반하다, 운반하다"
文学,ぶんがく,literature,N4,문학
光,ひかり,light,N4,빛
お見舞い,おみまい,"calling on someone who is ill, visit",N4,아픈 사람을 방문하다
席,せき,a seat,N4,좌석
～様,～さま,"Mr., Mrs., Ms.",N4,"씨, 씨, 씨, 씨"
ご存じ,ごぞんじ,"knowing, acquaintance",N4,"아는 것, 아는 것"
下る,さがる,"to descend, to drop, to fall",N4,"내리다, 떨어지다, 떨어지다"
字,じ,letter; character,N4,편지; 성격
アジア,アジア,Asia,N4,아시아
褒める,ほめる,to praise; to say nice things,N4,칭찬하다; 좋은 말을 하려고
空く,すく,"to be empty (in reference to people), to be less crowded",N4,"(사람과 관련해) 비어 있다, 덜 붐비다"
あ,あ,Ah,N4,아
最も,もっとも,most,N4,최대
合う,あう,"to fit, to match",N4,"어울리다, 어울리다"
～代,～だい,~ age; period,N4,~ 나이; 기간
最後,さいご,"last, end",N4,"마지막, 끝"
値段,ねだん,price,N4,가격
退院,たいいんする,leaving hospital,N4,병원을 떠나다
展覧会,てんらんかい,exhibition,N4,전시회
久しぶり,ひさしぶり,it has been a long time; for the first time in a long time,N4,오랜만이다. 오랜만에 처음으로
カーテン,カーテン,curtain,N4,커튼
汽車,きしゃ,train (steam),N4,기차(증기)
遅れる,おくれる,to (be) become late,N4,() 늦다
見つかる,みつかる,"to be found (v.i.), to be discovered",N4,발견되다 (v.i.) 발견되다
召し上がる,めしあがる,-- honorific form of 食べる (たべる) and ?む (のむ) --,N4,-- 식베루(たべRU)와 ?む(のむ)의 경칭 --
太る,ふとる,to gain weight,N4,체중을 늘리다
注射,ちゅうしゃ,injection,N4,주입
様,よう,"way, manner, kind",N4,"방식, 방식, 친절"
～おき,～おき,after every ~,N4,~마다
最初,さいしょ,"beginning, first",N4,"처음, 처음"
御～,ご～,honorable ~,N4,명예로운 ~
安心,あんしん,"peace of mind, relief",N4,"마음의 평화, 안도감"
直る,なおる,to be fixed,N4,고쳐질
集める,あつめる,"to collect, to gather (v.t.), to assemble",N4,"수집하다, 수집하다 (v.t.), 모으다"
直す,なおす,to correct (v.t.); to fix,N4,정정하다 (v.t.); 고치다
続く,つづく,to be continued,N4,계속되는
先輩,せんぱい,senior members of a group,N4,그룹의 선배들
約束,やくそく,"arrangement, appointment, promise",N4,"준비, 약속, 약속"
世話,せわする,looking after; to look after,N4,돌보고; 돌보다
近所,きんじょ,neighborhood,N4,이웃
将来,しょうらい,(in the) future; prospects,N4,(미래에; 잠재 고객
億,おく,hundred million,N4,억
数学,すうがく,mathematics,N4,수학
文化,ぶんか,culture,N4,문화
払う,はらう,to pay,N4,지불하다
習慣,しゅうかん,custom (in reference to culture),N4,관습 (문화와 관련하여)
焼ける,やける,"to burn, to be roasted",N4,"태우다, 구워지다"
君,きみ,you (informal for men),N4,당신 (남성의 경우 비공식)
冷える,ひえる,"to grow cold, to cool down",N4,"차가워지다, 차가워지다"
点く,つく,"to be started, to be switched on",N4,"시작하다, 켜다"
この間,このあいだ,"the other day, recently",N4,"얼마 전, 최근"
格好,かっこう,"appearance, manner, shape, form, posture",N4,"외모, 태도, 모양, 형태, 자세"
かまう,,"to mind, to care about, to be concerned about",N4,"마음에 두다, 걱정하다, 걱정하다"
続ける,つづける,"to continue, to keep up",N4,"계속하다, 계속하다"
落す,おとす,"to drop, to lose",N4,"떨어뜨리다, 잃다"
明日,あす,tomorrow,N4,내일
出発,しゅっぱつする,departure,N4,출발
拝見,はいけんする,"(humble) (polite) seeing, look at",N4,"(겸손하게) (공손하게) 보다, 보다"
割れる,われる,to break,N4,깨다
背中,せなか,back (of body),N4,(몸의) 뒤
新聞社,しんぶんしゃ,newspaper company,N4,신문사
いじめる,いじめる,"to bully, to torment",N4,"괴롭히다, 괴롭히다"
回る、回す,まわる、まわす,"to go around, to revolve",N4,"돌아다니다, 회전하다"
～君,～くん,"Mr. (junior) ~, master ~",N4,"(후배) 씨 ~, 선생님 ~"
おっしゃる,おっしゃる,-- honorific expression for いう --,N4,-- い우에 대한 경어 표현 --
眠い,ねむい,"sleepy, drowsy",N4,"졸리다, 졸리다"
濡れる,ぬれる,to get wet,N4,젖다
倒れる,たおれる,"to collapse, to break down",N4,"무너지다, 무너지다"
スーパー (マーケット),スーパー (マーケット),supermarket,N4,슈퍼마켓
アクセサリー,アクセサリー,accessory,N4,종범
考える,かんがえる,to think (about); to consider,N4,(에 대해) 생각하다; 고려하다
向かう,むかう,"to face, to go towards",N4,"직면하다, 향해 나아가다"
自由,じゆう,freedom,N4,자유
仕方,しかた,way (of doing something),N4,(뭔가를 하는) 방식
首,くび,neck,N4,목
程,ほど,"degree, extent",N4,"정도, 정도"
代わり,かわり,"substitute, replacement",N4,"대체하다, 교체하다"
失敗,しっぱい,"failure, mistake",N4,"실패, 실수"
工業,こうぎょう,(manufacturing) industry,N4,(제조)산업
移る,うつる,to move (from a house); to transfer (from a department); to shift,N4,(집에서) 이사하다; (부서에서) 이동하다; 이동하다
スーツケース,スーツケース,suitcase,N4,여행 가방
ひげ,ひげ,beard,N4,수염
研究室,けんきゅうしつ,the professor's office; laboratory,N4,교수실; 실혐실
工場,こうじょう,factory,N4,공장
紹介,しょうかい,an introduction,N4,소개
けれど; けれども,けれど; けれども,"but, although",N4,"하지만, 그래도"
舟,ふね,"ship, boat",N4,"배, 보트"
動く,うごく,to move,N4,움직이다
～(に) ついて,～(に) ついて,"about, concerning",N4,"~에 관하여, ~에 관하여"
コンサート,コンサート,concert,N4,콘서트
虫,むし,insect,N4,곤충
優しい,やさしい,"kind (person), gentle (person), easy (problem)",N4,"친절한(사람), 온화한(사람), 쉬운(문제)"
コンピュータ; コンピューター,コンピュータ; コンピューター,computer,N4,컴퓨터
植える,うえる,to plant,N4,심다
両方,りょうほう,"both sides, both parties",N4,"양측, 양측"
汚れる,よごれる,to become dirty,N4,더러워지다
水泳,すいえい,swimming,N4,수영
経験,けいけんする,experience,N4,경험
勝つ,かつ,to win,N4,승리하다
砂,すな,sand,N4,모래
警察,けいさつ,police; police station,N4,경찰; 경찰서
取り替える,とりかえる,"to exchange, to replace",N4,"교환하다, 대체하다"
急ぐ,いそぐ,"to hurry, to be in a hurry, to rush",N4,"서두르다, 서두르다, 서두르다"
簡単,かんたん,simple,N4,단순한
参る,まいる,humble expression for 行く and ?る,N4,"行ku, ?루의 겸손한 표현"
全然,ぜんぜん,"not at all; wholly, entirely",N4,"별말씀을요; 전적으로, 완전히"
特別,とくべつ,special,N4,특별한
復習,ふくしゅう,"review (of lessons), revision",N4,"(수업의) 복습, 수정"
間に合う,まにあう,to be in time for,N4,시간에 맞춰
役に立つ,やくにたつ,"to be helpful, to be useful",N4,"도움이 되다, 유용하다"
もうすぐ,もうすぐ,very soon; in a few moments; days,N4,곧; 잠시 후; 날
真中,まんなか,"middle, center",N4,"중앙, 중앙"
戻る,もどる,to return (v.i.); to come back,N4,돌아오다 (v.i.); 돌아오다
研究,けんきゅう,"study, research, investigation",N4,"연구, 연구, 조사"
ケーキ,ケーキ,cake,N4,케이크
草,くさ,grass,N4,잔디
込む,こむ,to be crowded,N4,붐비다
この頃,このごろ,"these days, nowadays",N4,요즘 요즘
訪ねる,たずねる,to visit,N4,방문하다
下げる,さげる,to lower (v.t.); to hang,N4,낮추다 (v.t.); 매달다
花見,はなみ,cherry-blossom viewing,N4,꽃놀이
途中,とちゅう,"on the way, midway",N4,"도중에, 도중에"
入院,にゅういんする,hospitalization,N4,입원
乗り換える,のりかえる,"to transfer (trains), to change (bus, train, etc.)",N4,"환승하다(기차), 갈아타다(버스, 기차 등)"
別れる,わかれる,"to part from, to separate",N4,"헤어지다, 헤어지다"
～町,～ちょう,the town of ~,N4,~의 마을
安全,あんぜん,"safety, security",N4,"안전, 보안"
看護婦,かんごふ,(female) nurse,N4,(여자) 간호사
見物,けんぶつ,sightseeing,N4,관광
相談,そうだんする,consultation,N4,상의
ガソリンスタンド,ガソリンスタンド,"gas station, service station",N4,"주유소, 주유소"
テニス,テニス,tennis,N4,테니스
眠る,ねむる,to sleep,N4,잠을 자다
上がる,あがる,"to rise, to go up",N4,"오르다, 올라가다"
翻訳,ほんやく,translation,N4,번역
食事,しょくじする,meal,N4,식사
お陰,おかげ,thanks or owing to,N4,덕분에 또는 덕분에
娘,むすめ,daughter (humble),N4,딸 (겸손)
湯,ゆ,hot water,N4,뜨거운 물
競争,きょうそう,"competition, contest",N4,"경쟁, 경쟁"
会議,かいぎ,business meeting; conference,N4,비즈니스 미팅; 회의
湖,みずうみ,lake,N4,호수
集まる,あつまる,"to gather (v.i.), to collect",N4,"모으다 (v.i.), 수집하다"
～にくい,～にくい,difficult to do ~,N4,~하기 어렵다
生活,せいかつする,"living, life; to live",N4,"생활, 생활; 살기 위해"
糸,いと,thread,N4,실
関係,かんけい,"relation(ship), connection",N4,"관계(배), 연결"
ピアノ,ピアノ,piano,N4,피아노
～目,～め,"number ~ sequence, ~nd; ~th",N4,"번호 ~ 순서, ~nd; ~일"
番組,ばんぐみ,broadcast program,N4,방송 프로그램
急,きゅう,"urgent, sudden; steep",N4,"긴급하다, 갑작스럽다; 험한"
棚,たな,"shelves, rack",N4,"선반, 랙"
木綿,もめん,cotton,N4,면
輸出,ゆしゅつする,export,N4,내보내다
タイプ,タイプ,"type, style",N4,"유형, 스타일"
すり,すり,pickpocket,N4,소매치기
嬉しい,うれしい,to be happy; to be glad,N4,행복해지다; 기뻐하다
アルコール,アルコール,alcohol,N4,술
ソフト,ソフト,soft; soft hat; software,N4,부드러운; 중절모; 소프트웨어
神社,じんじゃ,Shinto shrine,N4,신사
大分,だいぶ,"fairly well, to a large extent, considerably, pretty much",N4,"상당히, 대체로, 상당히, 꽤 많이"
楽しみ,たのしみ,"pleasure, joy",N4,"즐거움, 기쁨"
趣味,しゅみ,hobby; pastime,N4,취미; 오락
電報,でんぽう,telegram,N4,전보
家内,かない,(one's own) wife,N4,(자신의) 아내
指,ゆび,finger,N4,손가락
これから,これから,"from now on, after this",N4,"지금부터, 이 이후에는"
たまに,たまに,occasionally,N4,가끔
社会,しゃかい,society,N4,사회
ああ,ああ,"Ah!, Oh!",N5,"아!, 아!"
会う,あう,"to meet, to see",N5,"만나다, 보다"
青,あお,blue,N5,파란색
青い,あおい,blue,N5,파란색
赤,あか,red,N5,빨간색
赤い,あかい,red,N5,빨간색
明るい,あかるい,bright (in reference to personality or weather); cheerful,N5,밝다 (성격이나 날씨와 관련하여); 쾌활한
秋,あき,fall (season),N5,가을 (계절)
開く,あく,"to open, to become open",N5,"열리다, 열리게 되다"
開ける,あける,to open (v.t.),N5,열다 (동사)
上げる,あげる,"to raise, to lift",N5,"들어올리다, 들어올리다"
朝,あさ,morning,N5,아침
朝御飯,あさごはん,breakfast,N5,아침
明後日,あさって,day after tomorrow,N5,내일 모레
足; 脚,あし,foot; leg,N5,발; 다리
明日,あした,tomorrow,N5,내일
あそこ,あそこ,"there, over there, that place",N5,"저기, 저기, 그 곳"
遊ぶ,あそぶ,to play; to spend time pleasantly; to hang out,N5,놀다; 즐겁게 시간을 보내다; 어울리다
暖かい,あたたかい,warm,N5,따뜻한
頭,あたま,head,N5,머리
新しい,あたらしい,new,N5,새로운
あちら,あちら,this way (polite),N5,이쪽으로 (정중하게)
暑い,あつい,"hot (in reference to weather), warm",N5,"덥다(날씨에 따라), 따뜻하다"
熱い,あつい,hot (objects),N5,뜨거운 (물체)
厚い,あつい,"kind, warm(hearted), thick, deep",N5,"친절한, 따뜻한(마음이), 두꺼운, 깊은"
あっち,あっち,over there,N5,저기
後,あと,afterwards (later); in the future; the rest; since then,N5,나중에 (나중에); 미래에; 나머지; 그 이후로
あなた,あなた,you,N5,너
兄,あに,(my) older brother (humble),N5,(나의) 형 (겸손하다)
姉,あね,(my) older sister (humble),N5,(나의) 누나 (겸손하다)
アパート,アパート,apartment (abbr.),N5,아파트 (약어)
あの,あの,"that over there; like that, that way; um...",N5,"저기 그거; 그렇게, 그렇게; 음..."
浴びる,あびる,"to bathe, to shower",N5,"목욕하다, 샤워하다"
危ない,あぶない,"dangerous, critical",N5,"위험한, 중대한"
甘い,あまい,"generous, sweet",N5,"관대한, 달콤한"
余り,あまり,not very; surplus,N5,별로; 여분
雨,あめ,rain,N5,비
飴,あめ,(hard) candy,N5,(단단한) 사탕
洗う,あらう,to wash,N5,씻다
在る,ある,"to be, to have",N5,"존재하다, 가지다"
有る,ある,"to be, to have",N5,"존재하다, 가지다"
歩く,あるく,to walk,N5,걷기
あれ,あれ,that one (over there),N5,그거 (저기)
いい; よい,いい; よい,good,N5,좋은
いいえ,いいえ,"no, not at all",N5,"아니, 전혀 그렇지 않아"
言う,いう,to say,N5,말하다
家,いえ,"house, home",N5,"집, 집"
いかが,いかが,"how, in what way",N5,"어떻게, 어떤 식으로"
行く,いく; ゆく,to go,N5,가다
いくつ,いくつ,"how many, how old",N5,"몇 명, 몇 살이야?"
いくら,いくら,"how much, how many",N5,"얼마나, 얼마나 많이"
池,いけ,pond,N5,연못
医者,いしゃ,doctor; physician,N5,의사; 내과 의사
椅子,いす,chair,N5,의자
忙しい,いそがしい,"busy (people, days)",N5,"바쁜 (사람, 일)"
痛い,いたい,hurt; painful; sore,N5,아프다; 아픈; 아픈
一,いち,one,N5,하나
一日,いちにち,one day (duration),N5,하루(기간)
一番,いちばん,"best (most), first, number one",N5,"최고(가장), 첫 번째, 1위"
いつ,いつ,when,N5,언제
五日,いつか,five days; fifth day of the month,N5,5일; 매월 다섯째 날
一緒,いっしょ,together,N5,함께
五つ,いつつ,five things,N5,다섯 개
いつも,いつも,"always, usually, every time, never (with neg. verb)",N5,"항상, 보통, 매번, 결코 (부정 동사 포함)"
犬,いぬ,dog,N5,개
今,いま,now,N5,지금
意味,いみ,"meaning, significance",N5,"의미, 의의"
妹,いもうと,younger sister (humble),N5,여동생 (겸손)
嫌,いや,"disagreeable, detestable, unpleasant",N5,"불쾌한, 혐오스러운, 불쾌한"
入口,いりぐち,entrance,N5,입구
居る,いる,"(humble) to be (animate), to exist",N5,"(겸손한) 존재하다, 존재하다"
要る,いる,to need,N5,필요하다
入れる,いれる,to put in,N5,넣다
色,いろ,color,N5,색상
色々,いろいろ,various,N5,다양한
上,うえ,"above (up, top, etc.), over, on top of",N5,"위(위, 위 등), 위, 위"
後ろ,うしろ,"back, behind, rear",N5,"뒤, 뒤, 뒤"
薄い,うすい,"thin, weak",N5,"얇은, 약한"
歌,うた,a song,N5,노래
歌う,うたう,to sing,N5,노래하다
うち,うち,home; house; my place,N5,집; 집; 내 집
生まれる,うまれる,to be born,N5,태어나다
海,うみ,"sea, beach",N5,"바다, 해변"
売る,うる,to sell (v.t.),N5,팔다 (동사)
うるさい,うるさい,noisy; annoying,N5,시끄러운; 짜증 나는
上着,うわぎ,"coat, jacket",N5,"코트, 재킷"
絵,え,a painting; a picture; a drawing,N5,그림; 사진; 그림
映画,えいが,"movie, film",N5,"영화, 영화"
映画館,えいがかん,"movie theater, cinema",N5,"영화관, 영화관"
英語,えいご,English (language),N5,영어(언어)
ええ,ええ,yes,N5,예
駅,えき,station,N5,역
エレベーター,エレベーター,elevator,N5,엘리베이터
～円,～えん,Yen,N5,엔
鉛筆,えんぴつ,pencil,N5,연필
お～,お～,honorable ~ (honorific),N5,명예로운 ~ (존경)
美味しい,おいしい,"delicious, tasty",N5,"맛있다, 맛있다"
多い,おおい,many; there are a lot,N5,많은; 많이있다
大きい,おおきい,"big, large",N5,"크다, 크다"
大きな,おおきな,big,N5,큰
大勢,おおぜい,great number of people,N5,많은 사람들
お母さん,おかあさん,mother (formal),N5,어머니 (공식)
お菓子,おかし,"confections, sweets, snack",N5,"과자, 과자, 스낵"
お金,おかね,money,N5,돈
起きる,おきる,"to get up (e.g., from sleeping); to happen",N5,"일어나다 (예를 들어, 자다가); 일어나다"
置く,おく,to put; to lay; to place,N5,넣다; 누워있다; 배치하다
奥さん,おくさん,(someone else's) wife (hon.),N5,(다른 사람의) 아내 (Hon.)
お酒,おさけ,sake; alcohol,N5,동기; 술
お皿,おさら,"plate, dish",N5,"접시, 접시"
伯父; 叔父さん,おじさん,"uncle, middle-aged man",N5,"삼촌, 중년남자"
おじいさん,おじいさん,"grandfather, male senior citizen",N5,"할아버지, 남자 노인"
教える,おしえる,"to teach, to inform, to instruct",N5,"가르치다, 알리다, 가르치다"
押す,おす,"to push, to press, to stamp (e.g., a passport)",N5,"밀다, 누르다, 도장을 찍다 (예: 여권)"
遅い,おそい,slow; (to be) late,N5,느린; (예정) 늦다
お茶,おちゃ,(green) tea,N5,(녹차
お手洗い,おてあらい,"toilet, restroom, bathroom (lit., a place to wash one's hands)",N5,"화장실, 화장실, 욕실(문자, 손을 씻는 곳)"
お父さん,おとうさん,father (formal),N5,아버지 (공식)
弟,おとうと,younger brother,N5,남동생
男,おとこ,"man, male",N5,"남자, 남자"
男の子,おとこのこ,boy,N5,소년
一昨日,おととい,the day before yesterday,N5,그저께
おととし,おととし,year before last,N5,지난 해
大人,おとな,adult,N5,성인
お腹,おなか,stomach,N5,위
同じ,おなじ,"same, identical",N5,"같은, 동일한"
お兄さん,おにいさん,(someone else's) older brother (formal),N5,(다른 사람의) 형 (공식적으로)
お姉さん,おねえさん,older sister (formal),N5,언니 (공식)
伯母さん; 叔母さん,おばさん,aunt,N5,이모
おばあさん,おばあさん,"grandmother, female senior-citizen",N5,"할머니, 여성 노인"
お風呂,おふろ,a bath,N5,목욕
お弁当,おべんとう,a boxed lunch,N5,도시락
覚える,おぼえる,"to learn, to commit to memory, to remember, to memorize",N5,"배우다, 기억하다, 기억하다, 암기하다"
おまわりさん,おまわりさん,policeman (friendly term),N5,경찰관 (친절한 용어)
重い,おもい,heavy; serious,N5,무거운; 심각한
面白い,おもしろい,"interesting, amusing",N5,"흥미로운, 재미있는"
泳ぐ,およぐ,to swim,N5,수영하다
降りる,おりる,to get off,N5,내리다
終る,おわる,"to finish, to close",N5,"끝내다, 닫다"
音楽,おんがく,Music,N5,음악
女,おんな,"woman, female",N5,"여자, 여자"
女の子,おんなのこ,girl,N5,소녀
～回,～かい,counter for occurrences (~ times),N5,발생 카운터(~회)
～階,～かい,counter for stories (floors) of a building,N5,건물의 층(층) 카운터
外国,がいこく,foreign country; abroad,N5,외국; 해외에서
外国人,がいこくじん,foreigner,N5,외국인
会社,かいしゃ,"company, corporation",N5,"회사, 법인"
階段,かいだん,stairs,N5,계단
買い物,かいもの,shopping,N5,쇼핑
買う,かう,to buy,N5,구매
返す,かえす,to return something,N5,무언가를 돌려주다
帰る,かえる,"to go back, to go home, to return",N5,"돌아가다, 집에 가다, 돌아가다"
顔,かお,face (body part),N5,얼굴(신체부분)
かかる,かかる,"it takes (amount of time, money) (v.i.)",N5,"(시간, 돈의 양)이 소요됩니다 (v.i.)"
鍵,かぎ,a lock; a key,N5,자물쇠; 열쇠
書く,かく,to write,N5,쓰다
学生,がくせい,student,N5,학생
～か月,～かげつ,(number of) months,N5,(개)개월
掛ける,かける,"to put on (e.g., glasses); to hang (e.g., on a wall)",N5,"(예를 들어, 안경을) 쓰다; (예를 들어 벽에) 걸다"
かける,かける,"to dial/call (e.g., phone); to sit down",N5,전화를 걸다/통화하다(예: 전화); 앉다
傘,かさ,"umbrella, parasol",N5,"우산, 파라솔"
貸す,かす,to lend,N5,빌려주다
風,かぜ,"wind, breeze",N5,"바람, 미풍"
風邪,かぜ,"cold, flu",N5,"감기, 독감"
方,かた,-- honorific form for 人 (ひと) --; way of doing,N5,-- 人(ひと)의 경칭 --; 하는 방법
家族,かぞく,"family, members of a family",N5,"가족, 가족의 구성원"
片仮名,かたかな,katakana,N5,가타카나
～月,～がつ,month of year,N5,올해의 달
学校,がっこう,a school,N5,학교
カップ,カップ,cup,N5,컵
家庭,かてい,home; family,N5,집; 가족
角,かど,"corner (e.g., desk, pavement)",N5,"코너(예: 책상, 도로)"
かばん,かばん,"bag, basket",N5,"가방, 바구니"
花瓶,かびん,(flower) vase,N5,(꽃병
かぶる,かぶる,"to wear, to put on (e.g., a hat on the head)",N5,"입다, 쓰다 (예: 머리에 모자를 씌우다)"
紙,かみ,paper,N5,종이
カメラ,カメラ,camera,N5,카메라
火曜日,かようび,Tuesday,N5,화요일
辛い,からい,hot and spicy; salty,N5,뜨겁고 매운; 짠
体,からだ,body; health,N5,몸; 건강
借りる,かりる,"to borrow, to owe",N5,"빌리다, 빚지다"
～がる,～がる,feel,N5,느끼다
軽い,かるい,"light, non-serious, minor",N5,"가벼운, 심각하지 않은, 경미한"
カレー,カレー,curry (abbr. for curry and rice),N5,카레(카레라이스의 약자)
カレンダー,カレンダー,calendar,N5,달력
川; 河,かわ,river,N5,강
～側,～がわ,~ side,N5,~ 쪽
可愛い,かわいい,"cute, adorable",N5,귀엽고 사랑스럽다
漢字,かんじ,kanji; Chinese character,N5,한자; 한자
木,き,"tree, wood, timber",N5,"나무, 목재, 재목"
黄色,きいろ,yellow,N5,노란색
黄色い,きいろい,yellow,N5,노란색
消える,きえる,"to vanish, to disappear",N5,"사라지다, 사라지다"
聞く,きく,"to hear, to listen, to ask",N5,"듣다, 듣다, 묻다"
北,きた,north,N5,북쪽
ギター,ギター,guitar,N5,기타
汚い,きたない,"dirty, unclean, filthy",N5,"더러운, 불결한, 불결한"
喫茶店,きっさてん,caf?,N5,카페
切手,きって,postal (postage) stamps,N5,우편(우표) 우표
切符,きっぷ,a ticket,N5,티켓
昨日,きのう,yesterday,N5,어제
九,きゅう,nine,N5,아홉
牛肉,ぎゅうにく,beef,N5,소고기
牛乳,ぎゅうにゅう,milk,N5,우유
今日,きょう,"today, this day",N5,"오늘, 오늘"
教室,きょうしつ,classroom,N5,교실
兄弟,きょうだい,"siblings (humble), brothers and sisters",N5,"형제자매(겸손한), 형제자매"
去年,きょねん,last year,N5,작년
嫌い,きらい,dislike,N5,싫어함
切る,きる,to cut; to hang up (a phone),N5,자르다; (전화를) 끊다
着る,きる,to put on (clothes above your waist); to wear,N5,(허리 위의 옷을) 입다; 입다
綺麗,きれい,"pretty, clean, tidy",N5,"예쁘다, 깨끗하다, 깔끔하다"
キロ; キログラム,キロ; キログラム,(abbr.) kilo (kilogram),N5,(약어) 킬로(킬로그램)
キロ; キロメートル,キロ; キロメートル,(abbr.) kilo (kilometer),N5,(약어) 킬로(킬로미터)
銀行,ぎんこう,bank,N5,은행
金曜日,きんようび,Friday,N5,금요일
九,く,nine,N5,아홉
薬,くすり,medicine,N5,약
下さい,ください,(with te-form verb) please do for me,N5,(te형 동사와 함께) 나를 위해 해주세요
果物,くだもの,fruit,N5,과일
口,くち,job opening; mouth,N5,채용공고; 입
靴,くつ,"shoes, footwear",N5,"신발, 신발"
靴下,くつした,socks,N5,양말
国,くに,country; place of origin,N5,국가; 원산지
曇り,くもり,"cloudiness, cloudy weather",N5,"흐림, 흐린 날씨"
曇る,くもる,"to become cloudy, to become dim",N5,"흐려지다, 흐려지다"
暗い,くらい,"dark, gloomy",N5,"어둡다, 우울하다"
～くらい; ぐらい,～くらい; ぐらい,approximate (quantity),N5,대략적인 (수량)
クラス,クラス,a class,N5,수업
グラム,グラム,gram,N5,그램
来る,くる,to come,N5,올
車,くるま,"car, vehicle",N5,"자동차, 차량"
黒,くろ,black,N5,검은색
黒い,くろい,black; dark,N5,검은색; 어두운
警官,けいかん,police officer,N5,경찰관
今朝,けさ,this morning,N5,오늘 아침
消す,けす,"to erase, to delete, to turn off power",N5,"지우다, 삭제하다, 전원을 끄다"
結構,けっこう,"splendid; enough, tolerably",N5,"화려한; 충분히, 견딜 수 있을 만큼"
結婚,けっこん (する),marriage (get married),N5,결혼하다(결혼하다)
月曜日,げつようび,Monday,N5,월요일
玄関,げんかん,entrance (to a house or a building),N5,입구 (집이나 건물에)
元気,げんき,"health(y), energetic",N5,"건강(y), 활력"
～個,～こ,"counter for small items (e.g., fruits, cups)",N5,"작은 품목(예: 과일, 컵)을 위한 카운터"
五,ご,five,N5,다섯
～語,～ご,"word, language",N5,"단어, 언어"
公園,こうえん,a park,N5,공원
交差点,こうさてん,intersection,N5,교차로
紅茶,こうちゃ,black tea,N5,홍차
交番,こうばん,police box,N5,파출소
声,こえ,voice,N5,목소리
コート,コート,"coat; court (e.g., tennis)",N5,코트; 코트(예: 테니스)
コーヒー,コーヒー,coffee,N5,커피
ここ,ここ,"here, this place",N5,"여기, 이 곳"
午後,ごご,"afternoon, P.M.",N5,"오후, P.M."
九日,ここのか,nine days; ninth day of the month,N5,9일; 매월 9일
九つ,ここのつ,nine things,N5,아홉 가지
午前,ごぜん,"morning, A.M.",N5,"아침, A.M."
答える,こたえる,"to answer, to reply",N5,"대답하다, 대답하다"
こちら,こちら,this person (polite); this way (polite),N5,이 사람 (예의바르게); 이쪽으로 (정중하게)
こっち,こっち,this person; this direction; this side,N5,이 사람; 이 방향; 이쪽
コップ,コップ,a tumbler; a glass,N5,텀블러; 유리
今年,ことし,this year,N5,올해
言葉,ことば,language; word(s); expression(s),N5,언어; 단어); 표현
子供,こども,child(ren),N5,어린이들)
この,この,this,N5,이것
御飯,ごはん,rice (cooked); meal,N5,쌀(요리); 식사
コピーする,コピーする,to copy,N5,복사하다
困る,こまる,"to be bothered, to have difficulty",N5,"괴로워하다, 어려움을 겪다"
これ,これ,this one,N5,이거
～ころ; ～ごろ,～ころ; ～ごろ,"about, toward, approximately (time)",N5,"대략, 대략, 대략 (시간)"
今月,こんげつ,this month,N5,이번 달
今週,こんしゅう,this week,N5,이번 주
こんな,こんな,"such, like this",N5,"이런, 이런"
今晩,こんばん,"tonight, this evening",N5,"오늘 밤, 오늘 저녁"
さあ,さあ,"come now, well",N5,"지금 와, 글쎄"
～歳,～さい,~ years old,N5,~ 살
財布,さいふ,wallet,N5,지갑
魚,さかな,fish,N5,물고기
先,さき,"future; recent, previous",N5,"미래; 최근, 이전"
咲く,さく,to bloom,N5,꽃을 피우다
作文,さくぶん,essay; composition,N5,수필; 구성
差す,さす,"to raise (stretch out) hands, to raise (e.g., umbrella)",N5,"손을 들다 (뻗다), (우산 등을) 들다"
～冊,～さつ,counter for books,N5,책 카운터
雑誌,ざっし,"magazine, journal",N5,"잡지, 저널"
砂糖,さとう,sugar,N5,설탕
寒い,さむい,cold (in reference to weather),N5,추운 (날씨와 관련하여)
さ来年,さらいねん,year after next,N5,다음 해 이후
～さん,～さん,"Mr. ~, Ms. ~",N5,"~씨, ~씨"
三,さん,three,N5,삼
散歩,さんぽ (する),"walk, stroll",N5,"걷다, 산책하다"
四,し,four,N5,네
～時,～じ,~ o'clock (time),N5,~시(시간)
塩,しお,salt,N5,소금
しかし,しかし,however; but,N5,하지만; 하지만
時間,じかん,time,N5,시간
～時間,～じかん,~ hours,N5,~ 시간
仕事,しごと,"work, job, occupation, employment",N5,"일, 직업, 직업, 고용"
辞書,じしょ,dictionary,N5,사전
静か,しずか,"quiet, calm",N5,"조용하다, 차분하다"
下,した,"under, below, beneath",N5,"아래, 아래, 아래"
七,しち,seven,N5,일곱
質問,しつもん,"question, inquiry",N5,"질문, 문의"
自転車,じてんしゃ,bicycle,N5,자전거
自動車,じどうしゃ,automobile,N5,자동차
死ぬ,しぬ,to die,N5,죽다
字引,じびき,dictionary,N5,사전
自分,じぶん,"myself, oneself",N5,나 자신
閉まる,しまる,"to close, to be closed",N5,"닫히다, 닫히다"
閉める,しめる,"to close, to shut",N5,"닫다, 닫다"
締める,しめる,"to tie, to fasten, to tighten",N5,"묶다, 묶다, 조이다"
じゃ; じゃあ,じゃ; じゃあ,"well, well then",N5,"그럼, 그럼"
写真,しゃしん,a picture; a photograph,N5,사진; 사진
シャツ,シャツ,shirt,N5,셔츠
シャワー,シャワー,shower,N5,샤워
十,じゅう,ten,N5,열
～中,～じゅう,"during, while",N5,"동안, 동안"
～週間,～しゅうかん,~ weeks,N5,~ 주
授業,じゅぎょう,a class (of school),N5,(학교의) 수업
宿題,しゅくだい,homework,N5,숙제
上手,じょうず,"be good at, skillful",N5,"잘하다, 능숙하다"
丈夫,じょうぶ,"strong, solid, durable",N5,"강하다, 견고하다, 내구성이 있다"
醤油,しょうゆ,soy sauce,N5,간장
食堂,しょくどう,"cafeteria, dining hall",N5,"카페테리아, 식당"
知る,しる,"to know, to understand",N5,"알다, 이해하다"
白,しろ,white,N5,하얀색
白い,しろい,white,N5,하얀색
～人,～じん,counter for people,N5,사람들을 위한 카운터
新聞,しんぶん,newspaper,N5,신문
水曜日,すいようび,Wednesday,N5,수요일
吸う,すう,"to breathe in, to suck",N5,"숨을 들이쉬다, 빨아들이다"
スカート,スカート,skirt,N5,치마
好き,すき,"liking, fondness, love",N5,"좋아하다, 애호하다, 사랑하다"
～すぎ,～すぎ,"past; to exceed, ~ too much",N5,"과거; 초과하다, ~을 너무 많이"
少ない,すくない,a little; a few,N5,조금; 몇 가지
すぐに,すぐに,"immediately, soon",N5,"즉시, 곧"
少し,すこし,"little, few",N5,"조금, 거의"
涼しい,すずしい,"cool, refreshing (in reference to weather)",N5,"시원하다, 상쾌하다(날씨에 따라)"
～ずつ,～ずつ,at a time,N5,한 번에
ストーブ,ストーブ,heater (lit: stove),N5,히터 (점등 : 스토브)
スプーン,スプーン,spoon,N5,숟가락
スポーツ,スポーツ,sport(s),N5,스포츠
ズボン,ズボン,trousers,N5,바지
住む,すむ,"to reside, to live in",N5,"거주하다, 거주하다"
する,する,"to do, to try; to wear small items (e.g., necktie, watch, etc.)",N5,"하려고, 시도하다; 작은 물건(예: 넥타이, 시계 등)을 착용하다"
座る,すわる,to sit,N5,앉다
背,せい,"(one's) height, stature",N5,"(그의) 키, 키"
生徒,せいと,student; pupil,N5,학생; 학생
セーター,セーター,sweater,N5,스웨터
石鹸,せっけん,soap,N5,비누
背広,せびろ,men's suit,N5,남자 정장
狭い,せまい,narrow; not spacious,N5,좁은; 넓지 않은
ゼロ,ゼロ,zero,N5,영
千,せん,thousand,N5,천
先月,せんげつ,last month,N5,전달
先週,せんしゅう,last week,N5,지난주
先生,せんせい,"teacher, professor; master; doctor",N5,"교사, 교수; 주인; 의사"
洗濯,せんたく,"washing, laundry",N5,"세탁, 세탁"
全部,ぜんぶ,"all, entire, whole",N5,"전부, 전체, 전체"
そう; そうです,そう; そうです,"yes; appears, to be the case",N5,예; 그럴 것으로 보인다
掃除,そうじ (する),"cleaning, sweeping",N5,"청소, 쓸어내기"
そうして; そして,そうして; そして,"and, like that",N5,"그리고, 그렇게"
そこ,そこ,"that place, there; bottom, sole",N5,"그 곳, 거기; 바닥, 밑창"
そちら,そちら,over there,N5,저기
そっち,そっち,over there,N5,저기
外,そと,"outside, exterior",N5,"외부, 외부"
その,その,that,N5,저것
そば,そば,"near, close, beside; Japanese traditional buckwheat noodle",N5,"가까이, 가까이, 옆에; 일본 전통 메밀 국수"
空,そら,sky,N5,하늘
それ,それ,that one,N5,그거
それから,それから,"and then, after that",N5,"그리고, 그 이후에는"
それでは,それでは,"in that situation, well then...",N5,그렇다면 그 상황에서는...
～台,～だい,counter for vehicles; machines,N5,차량용 카운터; 기계
大学,だいがく,college; university,N5,대학; 대학교
大使館,たいしかん,embassy,N5,대사관
大丈夫,だいじょうぶ,It's ok (all right); No need to worry; Everything is under control,N5,괜찮아 (괜찮아) 걱정할 필요가 없습니다. 모든 것이 통제되고 있습니다
大好き,だいすき,"very like-able, like very much",N5,"매우 좋아할 만하다, 매우 좋아한다"
大切,たいせつ,important,N5,중요한
台所,だいどころ,kitchen,N5,주방
大変,たいへん,"very; difficult, hard",N5,"매우; 어렵다, 어렵다"
高い,たかい,"tall, high; expensive",N5,"키가 크다, 키가 크다; 값비싼"
～だけ,～だけ,"only ~, just ~, as ~",N5,"단지 ~, 그냥 ~, ~처럼"
沢山,たくさん,"many, much",N5,"많이, 많이"
タクシー,タクシー,taxi,N5,택시
出す,だす,to take (something) out; to hand in (something),N5,(무엇을) 꺼내다; (무엇을) 넘겨주다
～たち,～たち,plural suffix,N5,복수 접미사
立つ,たつ,to stand up,N5,일어서다
たて,たて,"length, height",N5,"길이, 높이"
建物,たてもの,building,N5,건물
楽しい,たのしい,"enjoyable, fun",N5,"즐거운, 재미있는"
頼む,たのむ,"to request, to ask (a favor)",N5,"(부탁을) 청하다, 부탁하다"
たばこ,たばこ,"tobacco, cigarettes",N5,"담배, 담배"
多分,たぶん,"perhaps, probably, maybe",N5,"아마, 아마, 아마도"
食べ物,たべもの,food,N5,음식
食べる,たべる,to eat,N5,먹다
卵,たまご,egg,N5,계란
誰,だれ,who,N5,WHO
誰か,だれか,someone,N5,누구
誕生日,たんじょうび,birthday,N5,생일
段々,だんだん,"gradually, by degrees",N5,"점차적으로, 정도에 따라"
小さい,ちいさい,"small, little",N5,"작은, 작은"
小さな,ちいさな,"small, little",N5,"작은, 작은"
近い,ちかい,"near, close by, short",N5,"가깝다, 가깝다, 짧다"
違う,ちがう,to be different; to differ; wrong,N5,다르다; 다르다; 잘못된
近く,ちかく,nearby; in the neighborhood,N5,가까운; 동네에
地下鉄,ちかてつ,"underground train, subway",N5,"지하철, 지하철"
地図,ちず,a map,N5,지도
父,ちち,(my) father,N5,(나의) 아버지
茶色,ちゃいろ,brown,N5,갈색
茶碗,ちゃわん,rice bowl,N5,밥그릇
～中,～ちゅう,"during, while ~ing",N5,"~하는 동안, ~하는 동안"
丁度,ちょうど,"just, right, exactly",N5,"그냥, 맞아, 정확히는"
ちょっと,ちょっと,"a little, somewhat; just a little, somewhat",N5,"조금, 다소; 그냥 조금, 어느 정도"
一日,ついたち,one day; first day of the month,N5,어느 날; 매월 첫째 날
使う,つかう,to use,N5,사용하다
疲れる,つかれる,to get (become) tired; to become fatigued,N5,피곤해지다; 피곤해지다
次,つぎ,next,N5,다음
着く,つく,"to arrive at, to reach",N5,"도착하다, 도달하다"
机,つくえ,desk,N5,책상
作る,つくる,"to make, to create",N5,"만들다, 창조하다"
つける,つける,"to turn on (e.g., a light); to take",N5,켜다(예: 조명); 가져가다
勤める,つとめる,to work (for),N5,(을 위해) 일하다
つまらない,つまらない,"boring, dull; insignificant",N5,지루하고 지루하다. 의미 없는
冷たい,つめたい,"cold (things, people)",N5,"차가운 (사물, 사람)"
強い,つよい,"strong, powerful",N5,"강한, 강력한"
手,て,hand,N5,손
テープ,テープ,tape,N5,줄자
テープレコーダー,テープレコーダー,tape recorder,N5,테이프 레코더
テーブル,テーブル,table,N5,테이블
出かける,でかける,to go out; to depart,N5,나가다; 출발하다
手紙,てがみ,letter,N5,편지
できる,できる,to be able to (to accomplish),N5,(성취하다) 할 수 있다
出口,でぐち,an exit,N5,출구
テスト,テスト,test,N5,시험
では,では,"then, well, so",N5,"그럼, 그럼요."
デパート,デパート,(abbr.) department store,N5,(약어) 백화점
でも,でも,"but, however",N5,"하지만, 그러나"
出る,でる,"to appear, to leave",N5,"나타나다, 떠나다"
テレビ,テレビ,"television, TV",N5,"텔레비전, 텔레비전"
天気,てんき,weather,N5,날씨
電気,でんき,"electricity, (electric) light",N5,"전기, (전기) 조명"
電車,でんしゃ,electric train,N5,전기 열차
電話,でんわ,a telephone,N5,전화
戸,と,door (Japanese style),N5,문(일본식)
～度,～ど,counter for occurrences; ~ degree; ~ point,N5,발생 카운터; ~ 정도; ~ 포인트
ドア,ドア,door (Western style),N5,문(서양식)
トイレ,トイレ,bathroom; toilet,N5,화장실; 화장실
どう,どう,"how, in what way",N5,"어떻게, 어떤 식으로"
どうして,どうして,"why, for what reason",N5,"왜, 무슨 이유로"
どうぞ,どうぞ,"please, kindly, by all means",N5,"제발, 부디, 꼭"
動物,どうぶつ,animal,N5,동물
どうも,どうも,Thank you; somehow; no matter how hard one may try,N5,감사합니다; 어떻게든; 아무리 노력해도
十,(〜を) とお,ten (~),N5,열(~)
遠い,とおい,"far (away), distant",N5,"멀리(멀리), 먼"
十日,とおか,ten days; tenth day of the month,N5,일순; 매월 열흘
～時,～とき,at the time of ~,N5,~할 때
時々,ときどき,sometimes,N5,때때로
時計,とけい,a watch; a clock,N5,시계; 시계
どこ,どこ,"where, what place",N5,"어디서, 어떤 곳에서"
所,ところ,place,N5,장소
年,とし,"year, age",N5,"년, 나이"
図書館,としょかん,library,N5,도서관
どちら,どちら,which (one) (way); where (polite),N5,어느 (하나) (방법); 어디 (정중하게)
どっち,どっち,"which one, which way",N5,"어느 쪽, 어느 쪽으로"
とても,とても,"very (much), greatly, exceedingly",N5,"매우(많이), 크게, 엄청나게"
どなた,どなた,who,N5,WHO
隣,となり,"next to, next door to",N5,"옆집, 옆집"
どの,どの,which,N5,어느
飛ぶ,とぶ,"to fly, to hop",N5,"날다, 뛰다"
止まる,とまる,to come to a halt,N5,멈추다
友達,ともだち,friend,N5,친구
土曜日,どようび,Saturday,N5,토요일
鳥,とり,"chicken (lit., bird)",N5,"닭 (점등어, 새)"
鶏肉,とりにく,chicken meat,N5,닭고기
取る,とる,to take (a class); to get (a grade),N5,(수업을) 듣다; (등급을) 얻으다
撮る,とる,"to take (a photo), to make (a film)",N5,"(사진을) 찍다, (영화를) 찍다"
どれ,どれ,which one,N5,어느 것
どんな,どんな,"what, what kind of",N5,"뭐, 어떤 종류의"
ない,ない,"there isn't, doesn't have",N5,"없어, 없어"
ナイフ,ナイフ,knife,N5,칼
中,なか,"inside, middle, among",N5,"내부, 중간, 가운데"
長い,ながい,"long, lengthy",N5,"길다, 길다"
鳴く,なく,to make sound (animal),N5,소리를 내다 (동물)
無くす,なくす,to lose something,N5,뭔가를 잃다
なぜ,なぜ,why (same as どうして),N5,왜(どуして와 동일)
夏,なつ,summer,N5,여름
夏休み,なつやすみ,summer vacation,N5,여름방학
～など,～など,et cetera,N5,등등
七つ,ななつ,seven things,N5,일곱 가지
何,なん; なに,what,N5,무엇
七日,なのか,seven days; seventh day (of the month),N5,7일; 일곱째 날(달의)
名前,なまえ,name,N5,이름
習う,ならう,to learn,N5,배우다
並ぶ,ならぶ,"to line up, to stand in a line (v.i.)",N5,"줄을 서다, 줄을 서다 (v.i.)"
並べる,ならべる,to put (things) side by side; to line up,N5,(사물)을 나란히 놓다; 줄을 서다
なる,なる,to become,N5,되다
何～,なん～,what sort of ~,N5,어떤 종류의 ~
二,に,two,N5,둘
にぎやか,にぎやか,"bustling, busy",N5,"분주하다, 분주하다"
肉,にく,meat,N5,고기
西,にし,west,N5,서쪽
～日,～にち,"~ day of the month, for ~ days",N5,"~일, ~일 동안"
日曜日,にちようび,Sunday,N5,일요일
荷物,にもつ,luggage; baggage,N5,수화물; 수하물
ニュース,ニュース,news,N5,소식
庭,にわ,garden,N5,정원
～人,～にん,counter for people,N5,사람들을 위한 카운터
脱ぐ,ぬぐ,to take off (clothes),N5,(옷을) 벗다
温い,ぬるい,lukewarm,N5,미적지근한
ネクタイ,ネクタイ,"tie, necktie",N5,"넥타이, 넥타이"
猫,ねこ,cat,N5,고양이
寝る,ねる,to sleep; to go to sleep; to go to bed,N5,자다; 잠들다; 잠자리에 들다
～年,～ねん,~ years,N5,~ 년
ノート,ノート,notebook,N5,공책
登る,のぼる,to climb,N5,오르다
飲み物,のみもの,"drink, beverage",N5,"음료수, 마실 것"
飲む,のむ,to drink,N5,마시다
乗る,のる,"to get on, to ride in, to board",N5,"타다, 타다, 탑승하다"
歯,は,tooth,N5,이빨
パーティー,パーティー,a party,N5,파티
はい,はい,yes,N5,예
～杯,～はい,counter for cupfuls,N5,한 컵 분량의 카운터
灰皿,はいざら,ashtray,N5,재떨이
入る,はいる,"to enter, to contain, to hold",N5,"들어가다, 담다, 보유하다"
葉書,はがき,postcard,N5,엽서
はく,はく,to put on (items below your waist),N5,(허리 아래에 있는 물건을) 입다
箱,はこ,box,N5,상자
橋,はし,bridge,N5,다리
箸,はし,chopsticks,N5,젓가락
始まる,はじまる,(something) begins,N5,(무엇이) 시작되다
初め; 始め,はじめ,"beginning, start",N5,"시작하다, 시작하다"
初めて,はじめて,for the first time,N5,처음으로
走る,はしる,to run,N5,달리다
バス,バス,bus; bath; bass,N5,버스; 욕조; 베이스
バター,バター,butter,N5,버터
二十歳,はたち,20 years old,N5,20세
働く,はたらく,to work,N5,일하다
八,はち,eight,N5,여덟
二十日,はつか,"twenty days, twentieth (day of the month)",N5,"이십일, 이십일(매월의 날)"
花,はな,flower,N5,꽃
鼻,はな,nose,N5,코
話,はなし,"talk (chat), story",N5,"이야기(채팅), 이야기"
話す,はなす,to speak,N5,말하다
母,はは,(my) mother,N5,(나의) 어머니
早い,はやい,early,N5,일찍
速い,はやい,"fast, quick",N5,"빨리, 빨리"
春,はる,spring,N5,봄
貼る,はる,to post; to paste; to attach,N5,게시하다; 붙여 넣기; 부착하다
晴れ,はれ,clear (sunny) weather,N5,맑은(화창한) 날씨
晴れる,はれる,to be sunny,N5,화창하다
半,はん,"half (e.g., にじはん | half-past two)",N5,반(예: にじはん | 2시 반)
晩,ばん,evening,N5,저녁
～番,～ばん,~st; ~th best,N5,~st; ~최고
パン,パン,bread,N5,빵
ハンカチ,ハンカチ,handkerchief,N5,손수건
番号,ばんごう,"number, series of digits",N5,"숫자, 일련의 숫자"
晩御飯,ばんごはん,"dinner, evening meal",N5,"저녁식사, 저녁식사"
半分,はんぶん,half,N5,반
東,ひがし,east,N5,동쪽
～匹,～ひき,counter for small animals,N5,작은 동물용 카운터
引く,ひく,"to pull, to draw; subtract",N5,"당기다, 그리다; 덜다"
弾く,ひく,to play (a string instrument or piano),N5,(현악기나 피아노를) 연주하다
低い,ひくい,"short, low",N5,"짧다, 낮다"
飛行機,ひこうき,airplane,N5,비행기
左,ひだり,left hand side,N5,왼쪽
人,ひと,"man, person",N5,"남자, 사람"
一つ,ひとつ,one thing,N5,한 가지
一月,ひとつき,one month,N5,한 달
一人,ひとり,one person,N5,한 사람
暇,ひま,"free time, leisure",N5,"자유시간, 여가"
百,ひゃく,hundred,N5,백
病院,びょういん,hospital,N5,병원
病気,びょうき,illness; sickness,N5,병; 병
平仮名,ひらがな,hiragana,N5,히라가나
昼,ひる,"noon, daytime",N5,"정오, 낮"
昼御飯,ひるごはん,"lunch, midday meal",N5,"점심, 점심식사"
広い,ひろい,spacious; wide; broad,N5,넓다; 넓은; 넓은
フィルム,フィルム,film (roll of),N5,필름(롤)
封筒,ふうとう,envelope,N5,봉투
プール,プール,swimming pool,N5,수영장
フォーク,フォーク,fork,N5,포크
吹く,ふく,"to blow (wind, etc.)",N5,(바람 등을) 불다
服,ふく,clothes,N5,옷
二つ,ふたつ,two things,N5,두 가지
豚肉,ぶたにく,pork,N5,돼지고기
二人,ふたり,two people,N5,두 사람
二日,ふつか,two days; second day of the month,N5,이틀; 매월 둘째 날
太い,ふとい,"fat, thick",N5,"뚱뚱하다, 두껍다"
冬,ふゆ,winter,N5,겨울
降る,ふる,"to precipitate, to fall (e.g., rain, snow, etc.)",N5,"침전하다, 떨어지다 (예: 비, 눈 등)"
古い,ふるい,"old (in reference to objects, not people), aged, ancient",N5,"오래된 (사람이 아닌 사물과 관련하여), 나이가 많은, 고대의"
～分,～ふん,~ minutes,N5,~ 분
文章,ぶんしょう,"sentence, text",N5,"문장, 텍스트"
ページ,ページ,a page,N5,페이지
下手,へた,"unskillful, poor",N5,"미숙한, 가난한"
ベッド,ベッド,bed,N5,침대
ペット,ペット,pet,N5,애완 동물
部屋,へや,a room,N5,방
辺,へん,"area, vicinity",N5,"지역, 부근"
ペン,ペン,pen,N5,펜
勉強,べんきょう (する),study,N5,공부하다
便利,べんり,"convenient, handy",N5,"편리하다, 편리하다"
帽子,ぼうし,hat; cap,N5,모자; 캡
ボールペン,ボールペン,ball-point pen,N5,볼펜
外,ほか,"other, the rest",N5,"그 외, 나머지"
ポケット,ポケット,pocket,N5,포켓
欲しい,ほしい,"to want, in need of",N5,"원하다, 필요로 하다"
ポスト,ポスト,"mailbox; post, position",N5,"사서함; 포스트, 위치"
細い,ほそい,"thin, slender, fine",N5,"가늘다, 가늘다, 좋다"
ボタン,ボタン,button,N5,단추
ホテル,ホテル,hotel,N5,호텔
本,ほん,book,N5,책
～本,～ほん,counter for long cylindrical things,N5,긴 원통형 물건을 위한 카운터
本棚,ほんだな,bookshelf,N5,책장
本当,ほんとう,"real, true",N5,"진짜, 사실"
～枚,～まい,counter for flat things,N5,평평한 물건을 위한 카운터
毎朝,まいあさ,every morning,N5,매일 아침
毎月,まいげつ; まいつき,"every month, monthly",N5,"매달, 매월"
毎週,まいしゅう,every week,N5,매주
毎日,まいにち,every day,N5,매일
毎年,まいねん; まいとし,"every year, yearly, annually",N5,"매년, 매년, 매년"
毎晩,まいばん,every night,N5,매일 밤
前,まえ,"before, in front",N5,"전에, 앞에"
～前,～まえ,in front of ~,N5,~앞에
曲る,まがる,"to turn, to bend",N5,"돌리다, 구부리다"
まずい,まずい,"terrible (in reference to food), unappetizing, unpleasant (taste)",N5,"끔찍한 (음식과 관련하여), 맛이 없는, 불쾌한 (맛)"
また,また,and; furthermore,N5,그리고; 뿐만 아니라
まだ,まだ,"yet, still, besides",N5,"아직, 아직, 게다가"
町,まち,town; city,N5,도시; 도시
待つ,まつ,to wait,N5,기다리다
まっすぐ,まっすぐ,"straight (ahead), direct",N5,"직진(앞), 곧장"
マッチ,マッチ,match,N5,성냥
窓,まど,window,N5,창문
丸い; 円い,まるい,"round, circular",N5,"원형, 원형"
万,まん,ten thousand,N5,만
万年筆,まんねんひつ,fountain pen,N5,만년필
磨く,みがく,to brush (teeth); to polish,N5,(치아를) 닦다; 닦다
右,みぎ,right hand side,N5,오른쪽
短い,みじかい,short (length),N5,짧은 (길이)
水,みず,water,N5,물
店,みせ,"store, shop",N5,"가게, 가게"
見せる,みせる,"to show, to display",N5,"보여주다, 전시하다"
道,みち,"road, street; way, directions",N5,"도로, 거리; 길, 방향"
三日,みっか,"three days, third day of the month",N5,"3일, 매월 3일"
三つ,みっつ,three things,N5,세개
緑,みどり,green,N5,녹색
皆さん,みなさん,"all of you, everyone",N5,"여러분, 여러분"
南,みなみ,South,N5,남쪽
耳,みみ,ear,N5,귀
見る,みる,"to see, to look",N5,"보다, 보다"
みんな,みんな,"all, everyone, everybody",N5,"모두, 모두, 모두"
六日,むいか,six days; sixth day of month,N5,6일; 매월 여섯째 날
向こう,むこう,"beyond, over there",N5,"저 너머, 저기"
難しい,むずかしい,difficult,N5,어려운
六つ,むっつ,six things,N5,여섯 가지
村,むら,village,N5,마을
目,め,eye(s),N5,눈)
メートル,メートル,meter,N5,미터
眼鏡,めがね,eye glasses,N5,안경
もう,もう,already; again; more,N5,이미; 다시; 더
木曜日,もくようび,Thursday,N5,목요일
もしもし,もしもし,Hello? (used on the phone),N5,안녕하세요? (전화에서 사용됨)
持つ,もつ,"to hold, to carry; to possess",N5,"보유하다, 운반하다; 소유하다"
もっと,もっと,more,N5,더
物,もの,thing (concrete object),N5,사물(구체적인 물체)
門,もん,gate,N5,문
問題,もんだい,a problem,N5,문제
～屋,～や,~ shop,N5,~ 가게
八百屋,やおや,greengrocer,N5,청과물 상인
野菜,やさい,vegetable,N5,채소
易しい,やさしい,"easy, plain, simple",N5,"쉬운, 평범한, 단순한"
安い,やすい,inexpensive; cheap (things),N5,저렴하다; 싼 (것들)
休み,やすみ,holiday; day off; absence,N5,휴일; 쉬는 날; 결석
休む,やすむ,"to rest, to have a break, to get time off",N5,"쉬다, 휴식을 취하다, 시간을 보내다"
八つ,やっつ,eight things,N5,여덟 가지
山,やま,mountain,N5,산
やる,やる,"to do; to give (to pets, parents, siblings, etc.)",N5,"할; (애완동물, 부모, 형제자매 등에게) 주다"
夕方,ゆうがた,"late afternoon (typically just before dinner time), evening",N5,"늦은 오후(보통 저녁 식사 직전), 저녁"
夕飯,ゆうはん,"dinner, supper, evening meal",N5,"저녁식사, 저녁식사, 저녁식사"
郵便局,ゆうびんきょく,post office,N5,우체국
昨夜,ゆうべ,last night,N5,어젯밤
有名,ゆうめい,famous,N5,유명한
雪,ゆき,snow,N5,눈
ゆっくりと,ゆっくりと,"slowly, at ease",N5,"천천히, 편안하게"
八日,ようか,eight days; eighth day of the month,N5,8일; 매월 8일
洋服,ようふく,Western-style clothes,N5,서양식 옷
よく,よく,"frequently, often (much); well, skillfully",N5,"자주, 자주(많이); 뭐, 능숙하게"
横,よこ,beside; side; width,N5,옆에; 옆; 너비
四日,よっか,four days; fourth day of the month,N5,4일; 매월 넷째 날
四つ,よっつ,four things,N5,네 가지
呼ぶ,よぶ,to call (one's name); to invite,N5,(이름을) 부르다; 초대하다
読む,よむ,to read,N5,읽기
夜,よる,"evening, night",N5,"저녁, 밤"
弱い,よわい,weak,N5,약한
来月,らいげつ,next month,N5,다음 달
来週,らいしゅう,next week,N5,다음 주
来年,らいねん,next year,N5,내년
ラジオ,ラジオ,radio,N5,라디오
ラジオカセ,ラジオカセ,radio cassette player,N5,라디오 카세트 플레이어
りっぱ,りっぱ,"splendid, fine",N5,"훌륭하다, 좋다"
留学生,りゅうがくせい,international student,N5,유학생
両親,りょうしん,"parents (lit., both parents)",N5,"부모 (문자, 두 부모 모두)"
料理,りょうり,cooking; cuisine,N5,요리; 요리
旅行,りょこう,"travel, trip",N5,"여행, 여행"
零,れい,"zero, nought",N5,"제로, 아무것도"
冷蔵庫,れいぞうこ,refrigerator,N5,냉장고
レコード,レコード,record,N5,기록
レストラン,レストラン,restaurant,N5,식당
練習,れんしゅう (する),(to) practice,N5,(하다) 연습하다
廊下,ろうか,corridor,N5,복도
六,ろく,six,N5,육
ワイシャツ,ワイシャツ,"shirt (lit: white shirt), business shirt",N5,"셔츠(점등: 흰색 셔츠), 비즈니스 셔츠"
若い,わかい,young,N5,어린
分かる,わかる,to understand,N5,이해하다
忘れる,わすれる,to forget,N5,잊다
私,わたし,"I, myself",N5,나 자신
私,わたくし,"I (formal), myself, private affairs",N5,"나(공식), 나 자신, 사적인 일"
渡す,わたす,to hand (something) over (v.t.); to get across,N5,(무엇을) 넘겨주다 (v.t.); 건너다
渡る,わたる,"to cross over, to go across",N5,"건너다, 가로질러 가다"
悪い,わるい,"bad, sinful; inferior",N5,"나쁜, 죄 많은; 밑에 붙이는"
